shardId,firstRouteIndex,lastRouteIndex,routeCount,routeIdsSha256,status,artifactCsvSha256
PGC_R08_SHARD_01,1,50,50,2aaecb8ba7824d13dd7f41c4c79a075751fbeae12e47e8aef48dbd2bda2a2bb7,PENDING_BROWSER_EXECUTION,608fd5e3a245ec9b0e00454b4945980352fd63ae1da169f322d7a163106ea2b4
PGC_R08_SHARD_02,51,100,50,c3debe41d69b6309d0fe2cc8a445fe3259b747d80a0e8a918e6695138a727b46,PENDING_BROWSER_EXECUTION,608fd5e3a245ec9b0e00454b4945980352fd63ae1da169f322d7a163106ea2b4
PGC_R08_SHARD_03,101,150,50,b4bbefccd7bedd6c4e2b5763b6c9a7aa0949d3de99a673b064e3c39eeebf43aa,PENDING_BROWSER_EXECUTION,608fd5e3a245ec9b0e00454b4945980352fd63ae1da169f322d7a163106ea2b4
PGC_R08_SHARD_04,151,200,50,58895605b1f51549d3a30733dbe27413ba28c0302e43d396a8232c62a1a53ed9,PENDING_BROWSER_EXECUTION,608fd5e3a245ec9b0e00454b4945980352fd63ae1da169f322d7a163106ea2b4
PGC_R08_SHARD_05,201,250,50,2b664464c1e77e401b7705ce1e831b417c06bcbdaab95816ba853f04cb1c2869,PENDING_BROWSER_EXECUTION,608fd5e3a245ec9b0e00454b4945980352fd63ae1da169f322d7a163106ea2b4
PGC_R08_SHARD_06,251,300,50,f212560851f8b4f1887ec6bd267f7fbd9ca97e09e1b86c272ed70f4cef6a51b9,PENDING_BROWSER_EXECUTION,608fd5e3a245ec9b0e00454b4945980352fd63ae1da169f322d7a163106ea2b4
PGC_R08_SHARD_07,301,350,50,19289c2f02efc54fae99ed962a787805c05a304e98799c4fb7a077007eef2c35,PENDING_BROWSER_EXECUTION,608fd5e3a245ec9b0e00454b4945980352fd63ae1da169f322d7a163106ea2b4
PGC_R08_SHARD_08,351,400,50,7c4d6715f7a32d4c5f33ad2a9bfb9bf705146e9736acadc3ee1393724aba9292,PENDING_BROWSER_EXECUTION,608fd5e3a245ec9b0e00454b4945980352fd63ae1da169f322d7a163106ea2b4
PGC_R08_SHARD_09,401,450,50,de41665de7a8bd84d46d1de8acea3e5abdf9c8058b2922e155ea898148406f81,PENDING_BROWSER_EXECUTION,608fd5e3a245ec9b0e00454b4945980352fd63ae1da169f322d7a163106ea2b4
PGC_R08_SHARD_10,451,500,50,613fcafa10e7b258028f8fde2f376fb7481cc2a625e22a941dd3726d2dde7dfc,PENDING_BROWSER_EXECUTION,608fd5e3a245ec9b0e00454b4945980352fd63ae1da169f322d7a163106ea2b4
PGC_R08_SHARD_11,501,550,50,b96121272d2c94a62ee8a133bd07a7b0623d482f76b34c32abbd849f7e38ec17,PENDING_BROWSER_EXECUTION,608fd5e3a245ec9b0e00454b4945980352fd63ae1da169f322d7a163106ea2b4
PGC_R08_SHARD_12,551,600,50,4ee475d93fb1c8fa9982e714d1f472ff062ac59b0b9b6fc6bfd0ea464401c284,PENDING_BROWSER_EXECUTION,608fd5e3a245ec9b0e00454b4945980352fd63ae1da169f322d7a163106ea2b4
PGC_R08_SHARD_13,601,650,50,2f3f40d979adb07b9481fd7e92f8726d3b5437924a2e03239adef4aa7e4dc44f,PENDING_BROWSER_EXECUTION,608fd5e3a245ec9b0e00454b4945980352fd63ae1da169f322d7a163106ea2b4
PGC_R08_SHARD_14,651,700,50,46f0cc393264891ec7174eee9176d430fe007d6f5a083e686a41e644600e3d6e,PENDING_BROWSER_EXECUTION,608fd5e3a245ec9b0e00454b4945980352fd63ae1da169f322d7a163106ea2b4
PGC_R08_SHARD_15,701,750,50,a880cd4a1cd2cf9f66fb3de27fb3673ec7e86e8cbc3dcc2be512e9835c0377db,PENDING_BROWSER_EXECUTION,608fd5e3a245ec9b0e00454b4945980352fd63ae1da169f322d7a163106ea2b4
PGC_R08_SHARD_16,751,793,43,85f3e29ec72109c8ce7b5eaabbe8987fedd1c7f664af910045f6f9f42ccfe541,PENDING_BROWSER_EXECUTION,608fd5e3a245ec9b0e00454b4945980352fd63ae1da169f322d7a163106ea2b4
