routeId,sourceId,selectionMode,selectedKnowledgePointIds,questionType,setKind,generationPatternGroupIds,compatiblePatternSpecIds,currentVerifiedMaxQuestionCount,currentQualityStatus,currentUniqueItemSetCount,contractGapCodes,liveAcceptanceFailures,accepted20AcrossSeeds,requiresRepair
pgc_r03_g3a_u01_3a01_application_235abe098270,g3a_u01_3a01,sourceUnit,,application,source-unit,,ps_g3a_u01_4digit_compare|ps_g3a_u01_4digit_range_compare_reasoning,20,DIVERSE_PARAMETER_GENERATOR,10,,,true,false
pgc_r03_g3a_u01_3a01_application_a8acc3289cbe,g3a_u01_3a01,singleKnowledgePoint,kp_g3a_u01_4digit_compare,application,single-form,w01_app_pg_g3a_u01_4digit_compare,ps_g3a_u01_4digit_compare,20,DIVERSE_PARAMETER_GENERATOR,10,,,true,false
pgc_r03_g3a_u01_3a01_application_9bd2fe76e17c,g3a_u01_3a01,singleKnowledgePoint,kp_g3a_u01_range_reasoning,application,single-form,w01_app_pg_g3a_u01_range_reasoning,ps_g3a_u01_4digit_range_compare_reasoning,20,DIVERSE_PARAMETER_GENERATOR,10,,,true,false
pgc_r03_g3a_u01_3a01_application_078745248eea,g3a_u01_3a01,mixedKnowledgePointsSameUnit,kp_g3a_u01_4digit_compare|kp_g3a_u01_number_to_chinese|kp_g3a_u01_chinese_to_number|kp_g3a_u01_digit_place_value_decomposition|kp_g3a_u01_place_value_composition|kp_g3a_u01_place_value_unit_conversion|kp_g3a_u01_digit_arrangement_max_min|kp_g3a_u01_range_reasoning,application,mixed-all,w01_app_pg_g3a_u01_4digit_compare|w01_app_pg_g3a_u01_range_reasoning,ps_g3a_u01_4digit_compare|ps_g3a_u01_4digit_range_compare_reasoning,20,DIVERSE_PARAMETER_GENERATOR,10,,,true,false
pgc_r03_g3a_u02_3a02_application_b99330741f7a,g3a_u02_3a02,sourceUnit,,application,source-unit,,ps_g3a_u02_4digit_add_multi_carry|ps_g3a_u02_4digit_sub_multi_borrow|ps_g3a_u02_word_problem_estimation_add_sub,0,NO_CAPACITY,0,CAPACITY_BELOW_20|ZERO_SAFE_CAPACITY|NON_DIVERSE_QUALITY_STATUS,EMPTY_PROMPT|DUPLICATE_PROMPT,false,true
pgc_r03_g3a_u02_3a02_application_34d1425812ae,g3a_u02_3a02,singleKnowledgePoint,kp_g3a_u02_add_multi_carry,application,single-form,w01_app_pg_g3a_u02_add_multi_carry,ps_g3a_u02_4digit_add_multi_carry,20,DIVERSE_PARAMETER_GENERATOR,10,,,true,false
pgc_r03_g3a_u02_3a02_application_42650479995e,g3a_u02_3a02,singleKnowledgePoint,kp_g3a_u02_sub_multi_borrow,application,single-form,w01_app_pg_g3a_u02_sub_multi_borrow,ps_g3a_u02_4digit_sub_multi_borrow,20,DIVERSE_PARAMETER_GENERATOR,10,,,true,false
pgc_r03_g3a_u02_3a02_application_4c6a578caca7,g3a_u02_3a02,singleKnowledgePoint,kp_g3a_u02_word_problem_estimation_add_sub,application,single-form,pg_g3a_u02_word_problem_estimation_add_sub,ps_g3a_u02_word_problem_estimation_add_sub,20,DIVERSE_PARAMETER_GENERATOR,10,,,true,false
pgc_r03_g3a_u02_3a02_application_b850396d4490,g3a_u02_3a02,mixedKnowledgePointsSameUnit,kp_g3a_u02_add_multi_carry|kp_g3a_u02_sub_multi_borrow|kp_g3a_u02_estimate_nearest_thousand|kp_g3a_u02_word_problem_estimation_add_sub|kp_g3a_u02_add_missing_digit_operand|kp_g3a_u02_sub_missing_digit_operand|kp_g3a_u02_add_missing_digit_equation|kp_g3a_u02_sub_missing_digit_equation|kp_g3a_u02_sub_middle_missing_digit|kp_g3a_u02_continuous_borrow_zero,application,mixed-all,w01_app_pg_g3a_u02_add_multi_carry|w01_app_pg_g3a_u02_sub_multi_borrow|pg_g3a_u02_word_problem_estimation_add_sub,ps_g3a_u02_4digit_add_multi_carry|ps_g3a_u02_4digit_sub_multi_borrow|ps_g3a_u02_word_problem_estimation_add_sub,20,DIVERSE_PARAMETER_GENERATOR,10,,,true,false
pgc_r03_g3a_u03_3a03_application_ba1d3773b32f,g3a_u03_3a03,sourceUnit,,application,source-unit,,ps_g3a_u03_2digit_by_1digit_carry|ps_g3a_u03_consecutive_multiplication_two_step_word_problem,0,NO_CAPACITY,0,CAPACITY_BELOW_20|ZERO_SAFE_CAPACITY|NON_DIVERSE_QUALITY_STATUS,EMPTY_PROMPT|DUPLICATE_PROMPT,false,true
pgc_r03_g3a_u03_3a03_application_0dcb3707159d,g3a_u03_3a03,singleKnowledgePoint,kp_g3a_u03_2digit_by_1digit_carry,application,single-form,w01_app_pg_g3a_u03_2digit_by_1digit,ps_g3a_u03_2digit_by_1digit_carry,20,FIXTURE_SELECTOR,1,FIXTURE_SELECTOR|NON_DIVERSE_QUALITY_STATUS,,true,true
pgc_r03_g3a_u03_3a03_application_92e89c0bc858,g3a_u03_3a03,singleKnowledgePoint,kp_g3a_u03_consecutive_multiplication_two_step_word_problem,application,single-form,pg_g3a_u03_consecutive_multiplication_two_step_word_problem,ps_g3a_u03_consecutive_multiplication_two_step_word_problem,20,DIVERSE_PARAMETER_GENERATOR,10,,,true,false
pgc_r03_g3a_u03_3a03_application_1d6449ce23c0,g3a_u03_3a03,mixedKnowledgePointsSameUnit,kp_g3a_u03_2digit_by_1digit_carry|kp_g3a_u03_10_multiple_by_1digit|kp_g3a_u03_3digit_by_1digit|kp_g3a_u03_consecutive_multiplication_two_step|kp_g3a_u03_consecutive_multiplication_two_step_word_problem|kp_g3a_u03_3digit_zero_middle_by_1digit|kp_g3a_u03_multiplication_missing_digit_inference,application,mixed-all,w01_app_pg_g3a_u03_2digit_by_1digit|pg_g3a_u03_consecutive_multiplication_two_step_word_problem,ps_g3a_u03_2digit_by_1digit_carry|ps_g3a_u03_consecutive_multiplication_two_step_word_problem,20,DIVERSE_PARAMETER_GENERATOR,10,,,true,false
pgc_r03_g3a_u06_3a06_application_4da5b561b50f,g3a_u06_3a06,sourceUnit,,application,source-unit,,ps_g3a_u06_exact_division_check,0,NO_CAPACITY,0,CAPACITY_BELOW_20|ZERO_SAFE_CAPACITY|NON_DIVERSE_QUALITY_STATUS,EMPTY_PROMPT|DUPLICATE_PROMPT,false,true
pgc_r03_g3a_u06_3a06_application_aec8a16babd8,g3a_u06_3a06,singleKnowledgePoint,kp_g3a_u06_exact_division_check,application,single-form,w01_app_pg_g3a_u06_exact_division,ps_g3a_u06_exact_division_check,20,DIVERSE_PARAMETER_GENERATOR,10,,,true,false
pgc_r03_g3a_u06_3a06_application_508aaf9f1bbf,g3a_u06_3a06,mixedKnowledgePointsSameUnit,kp_g3a_u06_exact_division_check|kp_g3a_u06_divisibility_exact_check|kp_g3a_u06_division_with_remainder|kp_g3a_u06_quotative_division_packaging|kp_g3a_u06_partitive_division_equal_sharing|kp_g3a_u06_parity_range_missing_digit,application,mixed-all,w01_app_pg_g3a_u06_exact_division,ps_g3a_u06_exact_division_check,20,DIVERSE_PARAMETER_GENERATOR,10,,,true,false
pgc_r03_g3b_u01_3b01_application_807998db5d0e,g3b_u01_3b01,sourceUnit,,application,source-unit,,ps_g3b_u01_2digit_by_1digit_regroup_tens|ps_g3b_u01_wp_remainder_packaging_leftover|ps_g3b_u01_wp_remainder_calendar_weeks_days|ps_g3b_u01_wp_two_step_divide_then_add|ps_g3b_u01_wp_two_step_add_then_divide|ps_g3b_u01_wp_two_step_divide_then_subtract|ps_g3b_u01_wp_two_step_subtract_then_divide,0,NO_CAPACITY,0,CAPACITY_BELOW_20|ZERO_SAFE_CAPACITY|NON_DIVERSE_QUALITY_STATUS,EMPTY_PROMPT|DUPLICATE_PROMPT,false,true
pgc_r03_g3b_u01_3b01_application_0bd5235fd4ec,g3b_u01_3b01,singleKnowledgePoint,kp_g3b_u01_2digit_division_place_value_cases,application,single-form,w01_app_pg_g3b_u01_place_value_division,ps_g3b_u01_2digit_by_1digit_regroup_tens,20,DIVERSE_PARAMETER_GENERATOR,10,,,true,false
pgc_r03_g3b_u01_3b01_application_e0e16ad3307e,g3b_u01_3b01,singleKnowledgePoint,kp_g3b_u01_wp_division_with_remainder,application,single-form,pg_g3b_u01_wp_division_with_remainder,ps_g3b_u01_wp_remainder_packaging_leftover|ps_g3b_u01_wp_remainder_calendar_weeks_days,11,DIVERSE_PARAMETER_GENERATOR,10,CAPACITY_BELOW_20,,true,true
pgc_r03_g3b_u01_3b01_application_1a8786fb5af9,g3b_u01_3b01,singleKnowledgePoint,kp_g3b_u01_wp_two_step_division,application,single-form,pg_g3b_u01_wp_two_step_division,ps_g3b_u01_wp_two_step_divide_then_add|ps_g3b_u01_wp_two_step_add_then_divide|ps_g3b_u01_wp_two_step_divide_then_subtract|ps_g3b_u01_wp_two_step_subtract_then_divide,20,DIVERSE_PARAMETER_GENERATOR,10,,,true,false
pgc_r03_g3b_u01_3b01_application_5ed5771357cb,g3b_u01_3b01,mixedKnowledgePointsSameUnit,kp_g3b_u01_2digit_division_place_value_cases|kp_g3b_u01_3digit_by_1digit_regroup_hundreds|kp_g3b_u01_3digit_division_place_value_cases|kp_g3b_u01_quotient_zero_cases|kp_g3b_u01_division_with_remainder|kp_g3b_u01_wp_partitive_division|kp_g3b_u01_wp_quotative_division|kp_g3b_u01_wp_division_with_remainder|kp_g3b_u01_wp_remainder_interpretation|kp_g3b_u01_wp_two_step_division,application,mixed-all,w01_app_pg_g3b_u01_place_value_division|pg_g3b_u01_wp_division_with_remainder|pg_g3b_u01_wp_two_step_division,ps_g3b_u01_2digit_by_1digit_regroup_tens|ps_g3b_u01_wp_remainder_packaging_leftover|ps_g3b_u01_wp_remainder_calendar_weeks_days|ps_g3b_u01_wp_two_step_divide_then_add|ps_g3b_u01_wp_two_step_add_then_divide|ps_g3b_u01_wp_two_step_divide_then_subtract|ps_g3b_u01_wp_two_step_subtract_then_divide,20,DIVERSE_PARAMETER_GENERATOR,10,,,true,false
pgc_r03_g3b_u04_3b04_application_893b211bcdf6,g3b_u04_3b04,sourceUnit,,application,source-unit,,ps_g3b_u04_add_divide_joint_purchase_equal_share|ps_g3b_u04_add_divide_pooled_money_unit_price|ps_g3b_u04_add_divide_combined_inventory_equal_distribution|ps_g3b_u04_add_divide_combined_liquid_equal_portions|ps_g3b_u04_add_divide_promotion_total_equal_share|ps_g3b_u04_mul_div_buy_get_free_average_price|ps_g3b_u04_mul_div_bonus_units_average_cost|ps_g3b_u04_mul_div_bulk_repack_average_cost|ps_g3b_u04_sub_div_used_amount_then_share|ps_g3b_u04_sub_div_damage_loss_then_package|ps_g3b_u04_sub_div_reserved_amount_then_distribute|ps_g3b_u04_sub_div_absent_participants_then_group|ps_g3b_u04_div_add_shared_cost_plus_personal_purchase|ps_g3b_u04_div_add_new_packages_plus_existing_stock|ps_g3b_u04_div_add_distributed_resources_plus_existing_per_group|ps_g3b_u04_total_minus_share_wallet_minus_shared_purchase|ps_g3b_u04_total_minus_share_personal_budget_minus_group_fee|ps_g3b_u04_total_minus_share_reward_points_minus_shared_redemption|ps_g3b_u04_group_minus_remaining_packaged_total_minus_remaining_sold|ps_g3b_u04_group_minus_remaining_formed_teams_minus_inactive_teams|ps_g3b_u04_group_minus_remaining_prepared_trays_minus_leftover_trays|ps_g3b_u04_consecutive_items_per_row_per_box|ps_g3b_u04_consecutive_units_per_group_per_container|ps_g3b_u04_consecutive_unit_price_items_per_pack_packs|ps_g3b_u04_consecutive_length_width_layers_array|ps_g3b_u04_ratio_length_ratio_composition|ps_g3b_u04_ratio_capacity_ratio_composition|ps_g3b_u04_ratio_weight_ratio_composition|ps_g3b_u04_quantity_chain_personal_quantity_ratio_chain|ps_g3b_u04_quantity_chain_price_equivalence_chain|ps_g3b_u04_quantity_chain_production_capacity_chain|ps_g3b_u04_quantity_chain_age_ratio_chain,20,DIVERSE_PARAMETER_GENERATOR,10,,,true,false
pgc_r03_g3b_u04_3b04_application_11bba8b043a5,g3b_u04_3b04,singleKnowledgePoint,kp_g3b_u04_add_then_divide,application,single-form,pg_g3b_u04_add_then_divide,ps_g3b_u04_add_divide_joint_purchase_equal_share|ps_g3b_u04_add_divide_pooled_money_unit_price|ps_g3b_u04_add_divide_combined_inventory_equal_distribution|ps_g3b_u04_add_divide_combined_liquid_equal_portions|ps_g3b_u04_add_divide_promotion_total_equal_share,16,DIVERSE_PARAMETER_GENERATOR,10,CAPACITY_BELOW_20,DUPLICATE_PROMPT,false,true
pgc_r03_g3b_u04_3b04_application_075ff20dc5a6,g3b_u04_3b04,singleKnowledgePoint,kp_g3b_u04_multiply_then_divide_average_unit_price,application,single-form,pg_g3b_u04_multiply_then_divide_average_unit_price,ps_g3b_u04_mul_div_buy_get_free_average_price|ps_g3b_u04_mul_div_bonus_units_average_cost|ps_g3b_u04_mul_div_bulk_repack_average_cost,12,DIVERSE_PARAMETER_GENERATOR,10,CAPACITY_BELOW_20,DUPLICATE_PROMPT,false,true
pgc_r03_g3b_u04_3b04_application_a82197bfb202,g3b_u04_3b04,singleKnowledgePoint,kp_g3b_u04_subtract_then_divide,application,single-form,pg_g3b_u04_subtract_then_divide,ps_g3b_u04_sub_div_used_amount_then_share|ps_g3b_u04_sub_div_damage_loss_then_package|ps_g3b_u04_sub_div_reserved_amount_then_distribute|ps_g3b_u04_sub_div_absent_participants_then_group,20,DIVERSE_PARAMETER_GENERATOR,10,,DUPLICATE_PROMPT,false,true
pgc_r03_g3b_u04_3b04_application_b01e4074824c,g3b_u04_3b04,singleKnowledgePoint,kp_g3b_u04_divide_then_add,application,single-form,pg_g3b_u04_divide_then_add,ps_g3b_u04_div_add_shared_cost_plus_personal_purchase|ps_g3b_u04_div_add_new_packages_plus_existing_stock|ps_g3b_u04_div_add_distributed_resources_plus_existing_per_group,12,DIVERSE_PARAMETER_GENERATOR,10,CAPACITY_BELOW_20,,true,true
pgc_r03_g3b_u04_3b04_application_af73cc7665ca,g3b_u04_3b04,singleKnowledgePoint,kp_g3b_u04_total_minus_shared_amount,application,single-form,pg_g3b_u04_total_minus_shared_amount,ps_g3b_u04_total_minus_share_wallet_minus_shared_purchase|ps_g3b_u04_total_minus_share_personal_budget_minus_group_fee|ps_g3b_u04_total_minus_share_reward_points_minus_shared_redemption,16,DIVERSE_PARAMETER_GENERATOR,10,CAPACITY_BELOW_20,DUPLICATE_PROMPT,false,true
pgc_r03_g3b_u04_3b04_application_73e89dbf8bf0,g3b_u04_3b04,singleKnowledgePoint,kp_g3b_u04_group_total_minus_remaining,application,single-form,pg_g3b_u04_group_total_minus_remaining,ps_g3b_u04_group_minus_remaining_packaged_total_minus_remaining_sold|ps_g3b_u04_group_minus_remaining_formed_teams_minus_inactive_teams|ps_g3b_u04_group_minus_remaining_prepared_trays_minus_leftover_trays,20,DIVERSE_PARAMETER_GENERATOR,10,,,true,false
pgc_r03_g3b_u04_3b04_application_3602182d8a79,g3b_u04_3b04,singleKnowledgePoint,kp_g3b_u04_consecutive_multiplication,application,single-form,pg_g3b_u04_consecutive_multiplication_application,ps_g3b_u04_consecutive_items_per_row_per_box|ps_g3b_u04_consecutive_units_per_group_per_container|ps_g3b_u04_consecutive_unit_price_items_per_pack_packs|ps_g3b_u04_consecutive_length_width_layers_array,20,DIVERSE_PARAMETER_GENERATOR,10,,,true,false
pgc_r03_g3b_u04_3b04_application_e854a057330c,g3b_u04_3b04,singleKnowledgePoint,kp_g3b_u04_composite_multiplicative_ratio,application,single-form,pg_g3b_u04_composite_multiplicative_ratio,ps_g3b_u04_ratio_length_ratio_composition|ps_g3b_u04_ratio_capacity_ratio_composition|ps_g3b_u04_ratio_weight_ratio_composition,10,DIVERSE_PARAMETER_GENERATOR,10,CAPACITY_BELOW_20,DUPLICATE_PROMPT,false,true
pgc_r03_g3b_u04_3b04_application_195bcb35906a,g3b_u04_3b04,singleKnowledgePoint,kp_g3b_u04_multiplicative_quantity_chain,application,single-form,pg_g3b_u04_multiplicative_quantity_chain,ps_g3b_u04_quantity_chain_personal_quantity_ratio_chain|ps_g3b_u04_quantity_chain_price_equivalence_chain|ps_g3b_u04_quantity_chain_production_capacity_chain|ps_g3b_u04_quantity_chain_age_ratio_chain,14,DIVERSE_PARAMETER_GENERATOR,10,CAPACITY_BELOW_20,DUPLICATE_PROMPT,false,true
pgc_r03_g3b_u04_3b04_application_612c077a7fcc,g3b_u04_3b04,mixedKnowledgePointsSameUnit,kp_g3b_u04_add_then_divide|kp_g3b_u04_multiply_then_divide_average_unit_price|kp_g3b_u04_subtract_then_divide|kp_g3b_u04_divide_then_add|kp_g3b_u04_total_minus_shared_amount|kp_g3b_u04_group_total_minus_remaining|kp_g3b_u04_consecutive_multiplication|kp_g3b_u04_composite_multiplicative_ratio|kp_g3b_u04_multiplicative_quantity_chain,application,mixed-all,pg_g3b_u04_add_then_divide|pg_g3b_u04_multiply_then_divide_average_unit_price|pg_g3b_u04_subtract_then_divide|pg_g3b_u04_divide_then_add|pg_g3b_u04_total_minus_shared_amount|pg_g3b_u04_group_total_minus_remaining|pg_g3b_u04_consecutive_multiplication_application|pg_g3b_u04_composite_multiplicative_ratio|pg_g3b_u04_multiplicative_quantity_chain,ps_g3b_u04_add_divide_joint_purchase_equal_share|ps_g3b_u04_add_divide_pooled_money_unit_price|ps_g3b_u04_add_divide_combined_inventory_equal_distribution|ps_g3b_u04_add_divide_combined_liquid_equal_portions|ps_g3b_u04_add_divide_promotion_total_equal_share|ps_g3b_u04_mul_div_buy_get_free_average_price|ps_g3b_u04_mul_div_bonus_units_average_cost|ps_g3b_u04_mul_div_bulk_repack_average_cost|ps_g3b_u04_sub_div_used_amount_then_share|ps_g3b_u04_sub_div_damage_loss_then_package|ps_g3b_u04_sub_div_reserved_amount_then_distribute|ps_g3b_u04_sub_div_absent_participants_then_group|ps_g3b_u04_div_add_shared_cost_plus_personal_purchase|ps_g3b_u04_div_add_new_packages_plus_existing_stock|ps_g3b_u04_div_add_distributed_resources_plus_existing_per_group|ps_g3b_u04_total_minus_share_wallet_minus_shared_purchase|ps_g3b_u04_total_minus_share_personal_budget_minus_group_fee|ps_g3b_u04_total_minus_share_reward_points_minus_shared_redemption|ps_g3b_u04_group_minus_remaining_packaged_total_minus_remaining_sold|ps_g3b_u04_group_minus_remaining_formed_teams_minus_inactive_teams|ps_g3b_u04_group_minus_remaining_prepared_trays_minus_leftover_trays|ps_g3b_u04_consecutive_items_per_row_per_box|ps_g3b_u04_consecutive_units_per_group_per_container|ps_g3b_u04_consecutive_unit_price_items_per_pack_packs|ps_g3b_u04_consecutive_length_width_layers_array|ps_g3b_u04_ratio_length_ratio_composition|ps_g3b_u04_ratio_capacity_ratio_composition|ps_g3b_u04_ratio_weight_ratio_composition|ps_g3b_u04_quantity_chain_personal_quantity_ratio_chain|ps_g3b_u04_quantity_chain_price_equivalence_chain|ps_g3b_u04_quantity_chain_production_capacity_chain|ps_g3b_u04_quantity_chain_age_ratio_chain,20,DIVERSE_PARAMETER_GENERATOR,10,,,true,false
pgc_r03_g3b_u08_3b08_application_973842923812,g3b_u08_3b08,sourceUnit,,application,source-unit,,ps_g3b_u08_total_daily_saving_accumulation|ps_g3b_u08_total_score_per_success|ps_g3b_u08_total_material_per_product|ps_g3b_u08_total_items_per_package|ps_g3b_u08_group_count_score_events|ps_g3b_u08_group_count_craft_products|ps_g3b_u08_group_count_equal_segments|ps_g3b_u08_group_count_packaging|ps_g3b_u08_per_group_daily_saving|ps_g3b_u08_per_group_equal_share_people|ps_g3b_u08_per_group_equal_container_capacity|ps_g3b_u08_per_group_equal_segment_length|ps_g3b_u08_reverse_base_price_multiple|ps_g3b_u08_reverse_base_quantity_multiple|ps_g3b_u08_reverse_base_length_multiple|ps_g3b_u08_reverse_base_capacity_multiple|ps_g3b_u08_estimate_near_hundred_total|ps_g3b_u08_estimate_budget_sufficiency_upper|ps_g3b_u08_estimate_exact_over_benchmark|ps_g3b_u08_estimate_exact_under_benchmark|ps_g3b_u08_same_price_compare_weight|ps_g3b_u08_same_price_compare_capacity|ps_g3b_u08_same_price_compare_item_count|ps_g3b_u08_same_price_compare_total_length,20,DIVERSE_PARAMETER_GENERATOR,10,,,true,false
pgc_r03_g3b_u08_3b08_application_1f40bb61bf5a,g3b_u08_3b08,singleKnowledgePoint,kp_g3b_u08_total_from_groups,application,single-form,pg_g3b_u08_total_from_groups,ps_g3b_u08_total_daily_saving_accumulation|ps_g3b_u08_total_score_per_success|ps_g3b_u08_total_material_per_product|ps_g3b_u08_total_items_per_package,18,DIVERSE_PARAMETER_GENERATOR,10,CAPACITY_BELOW_20,,true,true
pgc_r03_g3b_u08_3b08_application_e4d5ee302b3b,g3b_u08_3b08,singleKnowledgePoint,kp_g3b_u08_group_count_from_total,application,single-form,pg_g3b_u08_group_count_from_total,ps_g3b_u08_group_count_score_events|ps_g3b_u08_group_count_craft_products|ps_g3b_u08_group_count_equal_segments|ps_g3b_u08_group_count_packaging,17,DIVERSE_PARAMETER_GENERATOR,10,CAPACITY_BELOW_20,,true,true
pgc_r03_g3b_u08_3b08_application_29be55e03e0a,g3b_u08_3b08,singleKnowledgePoint,kp_g3b_u08_per_group_from_total,application,single-form,pg_g3b_u08_per_group_from_total,ps_g3b_u08_per_group_daily_saving|ps_g3b_u08_per_group_equal_share_people|ps_g3b_u08_per_group_equal_container_capacity|ps_g3b_u08_per_group_equal_segment_length,20,DIVERSE_PARAMETER_GENERATOR,10,,,true,false
pgc_r03_g3b_u08_3b08_application_7a6ab3aab78b,g3b_u08_3b08,singleKnowledgePoint,kp_g3b_u08_reverse_base_from_multiple,application,single-form,pg_g3b_u08_reverse_base_from_multiple,ps_g3b_u08_reverse_base_price_multiple|ps_g3b_u08_reverse_base_quantity_multiple|ps_g3b_u08_reverse_base_length_multiple|ps_g3b_u08_reverse_base_capacity_multiple,20,DIVERSE_PARAMETER_GENERATOR,10,,,true,false
pgc_r03_g3b_u08_3b08_application_276fa28ad0b9,g3b_u08_3b08,singleKnowledgePoint,kp_g3b_u08_shopping_estimation,application,single-form,pg_g3b_u08_shopping_estimation,ps_g3b_u08_estimate_near_hundred_total|ps_g3b_u08_estimate_budget_sufficiency_upper|ps_g3b_u08_estimate_exact_over_benchmark|ps_g3b_u08_estimate_exact_under_benchmark,17,DIVERSE_PARAMETER_GENERATOR,10,CAPACITY_BELOW_20,,true,true
pgc_r03_g3b_u08_3b08_application_e40dfe529252,g3b_u08_3b08,singleKnowledgePoint,kp_g3b_u08_same_price_value_comparison,application,single-form,pg_g3b_u08_same_price_value_comparison,ps_g3b_u08_same_price_compare_weight|ps_g3b_u08_same_price_compare_capacity|ps_g3b_u08_same_price_compare_item_count|ps_g3b_u08_same_price_compare_total_length,20,DIVERSE_PARAMETER_GENERATOR,10,,,true,false
pgc_r03_g3b_u08_3b08_application_e7d49d197b53,g3b_u08_3b08,mixedKnowledgePointsSameUnit,kp_g3b_u08_total_from_groups|kp_g3b_u08_group_count_from_total|kp_g3b_u08_per_group_from_total|kp_g3b_u08_reverse_base_from_multiple|kp_g3b_u08_shopping_estimation|kp_g3b_u08_same_price_value_comparison,application,mixed-all,pg_g3b_u08_total_from_groups|pg_g3b_u08_group_count_from_total|pg_g3b_u08_per_group_from_total|pg_g3b_u08_reverse_base_from_multiple|pg_g3b_u08_shopping_estimation|pg_g3b_u08_same_price_value_comparison,ps_g3b_u08_total_daily_saving_accumulation|ps_g3b_u08_total_score_per_success|ps_g3b_u08_total_material_per_product|ps_g3b_u08_total_items_per_package|ps_g3b_u08_group_count_score_events|ps_g3b_u08_group_count_craft_products|ps_g3b_u08_group_count_equal_segments|ps_g3b_u08_group_count_packaging|ps_g3b_u08_per_group_daily_saving|ps_g3b_u08_per_group_equal_share_people|ps_g3b_u08_per_group_equal_container_capacity|ps_g3b_u08_per_group_equal_segment_length|ps_g3b_u08_reverse_base_price_multiple|ps_g3b_u08_reverse_base_quantity_multiple|ps_g3b_u08_reverse_base_length_multiple|ps_g3b_u08_reverse_base_capacity_multiple|ps_g3b_u08_estimate_near_hundred_total|ps_g3b_u08_estimate_budget_sufficiency_upper|ps_g3b_u08_estimate_exact_over_benchmark|ps_g3b_u08_estimate_exact_under_benchmark|ps_g3b_u08_same_price_compare_weight|ps_g3b_u08_same_price_compare_capacity|ps_g3b_u08_same_price_compare_item_count|ps_g3b_u08_same_price_compare_total_length,20,DIVERSE_PARAMETER_GENERATOR,10,,,true,false
pgc_r03_g4a_u01_4a01_application_d1fffee38114,g4a_u01_4a01,sourceUnit,,application,source-unit,,ps_g4a_u01_comparison_word_problem_total|ps_g4a_u01_large_number_unit_word_problem_add_subtract,20,DIVERSE_PARAMETER_GENERATOR,10,,,true,false
pgc_r03_g4a_u01_4a01_application_afd50c2cb6b2,g4a_u01_4a01,singleKnowledgePoint,kp_g4a_u01_comparison_word_problem_total,application,single-form,pg_g4a_u01_comparison_word_problem_total,ps_g4a_u01_comparison_word_problem_total,20,DIVERSE_PARAMETER_GENERATOR,10,,,true,false
pgc_r03_g4a_u01_4a01_application_eaef4e4bbcba,g4a_u01_4a01,singleKnowledgePoint,kp_g4a_u01_large_number_unit_word_problem_add_subtract,application,single-form,pg_g4a_u01_large_number_unit_word_problem_add_subtract,ps_g4a_u01_large_number_unit_word_problem_add_subtract,20,DIVERSE_PARAMETER_GENERATOR,10,,,true,false
pgc_r03_g4a_u01_4a01_application_b803c9c013fc,g4a_u01_4a01,mixedKnowledgePointsSameUnit,kp_g4a_u01_compare_8digit|kp_g4a_u01_within_100million_compare|kp_g4a_u01_large_number_add_sub|kp_g4a_u01_8digit_place_value_decomposition|kp_g4a_u01_place_value_composition_to_number|kp_g4a_u01_same_digit_place_value_difference|kp_g4a_u01_nonstandard_place_value_composition|kp_g4a_u01_place_value_card_unit_model_composition|kp_g4a_u01_compare_first_different_place|kp_g4a_u01_missing_digit_comparison_possible_digits|kp_g4a_u01_missing_digit_comparison_extreme_digit|kp_g4a_u01_large_number_reading_writing_conversion|kp_g4a_u01_numeric_vs_chinese_number_compare|kp_g4a_u01_wan_mixed_notation_subtraction|kp_g4a_u01_boundary_number_difference|kp_g4a_u01_comparison_word_problem_total|kp_g4a_u01_large_number_unit_word_problem_add_subtract|kp_g4a_u01_digit_arrangement_max_min,application,mixed-all,pg_g4a_u01_comparison_word_problem_total|pg_g4a_u01_large_number_unit_word_problem_add_subtract,ps_g4a_u01_comparison_word_problem_total|ps_g4a_u01_large_number_unit_word_problem_add_subtract,20,DIVERSE_PARAMETER_GENERATOR,10,,,true,false
pgc_r03_g4a_u02_4a02_application_381f26d07d56,g4a_u02_4a02,sourceUnit,,application,source-unit,,ps_g4a_u02_3digit_by_1digit_review,20,DIVERSE_PARAMETER_GENERATOR,10,,,true,false
pgc_r03_g4a_u04_4a04_application_371414272efb,g4a_u04_4a04,sourceUnit,,application,source-unit,,ps_g4a_u04_4digit_by_1digit_thousands_exact,20,DIVERSE_PARAMETER_GENERATOR,10,,,true,false
pgc_r03_g4a_u08_4a08_application_16754d7c3881,g4a_u08_4a08,sourceUnit,,application,source-unit,,ps_g4a_u08_app_add_three_quantities|ps_g4a_u08_app_add_then_subtract_state_change|ps_g4a_u08_app_subtract_then_add_state_change|ps_g4a_u08_app_subtract_twice_state_change|ps_g4a_u08_ext_comparison_chain|ps_g4a_u08_app_adjusted_amount_then_subtract|ps_g4a_u08_app_divide_by_group_product|ps_g4a_u08_app_multiply_after_difference_then_add_sub|ps_g4a_u08_app_multiply_then_share|ps_g4a_u08_app_unit_rate_then_scale|ps_g4a_u08_app_divide_then_divide|ps_g4a_u08_ext_equal_value_unit_price|ps_g4a_u08_ext_relative_difference|ps_g4a_u08_app_payment_minus_unit_cost_times_quantity|ps_g4a_u08_app_subtract_divided_amount_or_add_divided_amount|ps_g4a_u08_app_cost_overlay|ps_g4a_u08_ext_two_cost_component_payment,20,DIVERSE_PARAMETER_GENERATOR,10,,,true,false
pgc_r03_g4a_u08_4a08_application_410554ef96de,g4a_u08_4a08,singleKnowledgePoint,kp_g4a_u08_app_add_sub_sequence,application,single-form,pg_g4a_u08_app_add_add,ps_g4a_u08_app_add_three_quantities,20,DIVERSE_PARAMETER_GENERATOR,10,,,true,false
pgc_r03_g4a_u08_4a08_application_0a8a6c1be060,g4a_u08_4a08,singleKnowledgePoint,kp_g4a_u08_app_add_sub_sequence,application,single-form,pg_g4a_u08_app_add_subtract,ps_g4a_u08_app_add_then_subtract_state_change,20,DIVERSE_PARAMETER_GENERATOR,10,,,true,false
pgc_r03_g4a_u08_4a08_application_ce332439104a,g4a_u08_4a08,singleKnowledgePoint,kp_g4a_u08_app_add_sub_sequence,application,single-form,pg_g4a_u08_app_subtract_add,ps_g4a_u08_app_subtract_then_add_state_change,20,DIVERSE_PARAMETER_GENERATOR,10,,,true,false
pgc_r03_g4a_u08_4a08_application_f7cabb411a60,g4a_u08_4a08,singleKnowledgePoint,kp_g4a_u08_app_add_sub_sequence,application,single-form,pg_g4a_u08_app_subtract_subtract,ps_g4a_u08_app_subtract_twice_state_change,20,DIVERSE_PARAMETER_GENERATOR,10,,,true,false
pgc_r03_g4a_u08_4a08_application_f5dcca761a17,g4a_u08_4a08,singleKnowledgePoint,kp_g4a_u08_app_add_sub_sequence,application,single-form,pg_g4a_u08_ext_comparison_chain,ps_g4a_u08_ext_comparison_chain,20,DIVERSE_PARAMETER_GENERATOR,10,,,true,false
pgc_r03_g4a_u08_4a08_application_8739e39b1c19,g4a_u08_4a08,singleKnowledgePoint,kp_g4a_u08_app_parentheses_grouping,application,single-form,pg_g4a_u08_app_adjusted_amount_then_subtract,ps_g4a_u08_app_adjusted_amount_then_subtract,20,DIVERSE_PARAMETER_GENERATOR,10,,,true,false
pgc_r03_g4a_u08_4a08_application_056d95347e03,g4a_u08_4a08,singleKnowledgePoint,kp_g4a_u08_app_parentheses_grouping,application,single-form,pg_g4a_u08_app_divide_by_group_product,ps_g4a_u08_app_divide_by_group_product,20,DIVERSE_PARAMETER_GENERATOR,10,,,true,false
pgc_r03_g4a_u08_4a08_application_dfbab6e2930f,g4a_u08_4a08,singleKnowledgePoint,kp_g4a_u08_app_parentheses_grouping,application,single-form,pg_g4a_u08_app_difference_then_scale_overlay,ps_g4a_u08_app_multiply_after_difference_then_add_sub,20,DIVERSE_PARAMETER_GENERATOR,10,,,true,false
pgc_r03_g4a_u08_4a08_application_17c958bef1b7,g4a_u08_4a08,singleKnowledgePoint,kp_g4a_u08_app_mul_div_sequence,application,single-form,pg_g4a_u08_app_multiply_then_share,ps_g4a_u08_app_multiply_then_share,20,DIVERSE_PARAMETER_GENERATOR,10,,,true,false
pgc_r03_g4a_u08_4a08_application_74ec8e1af51b,g4a_u08_4a08,singleKnowledgePoint,kp_g4a_u08_app_mul_div_sequence,application,single-form,pg_g4a_u08_app_unit_rate_then_scale,ps_g4a_u08_app_unit_rate_then_scale,20,DIVERSE_PARAMETER_GENERATOR,10,,,true,false
pgc_r03_g4a_u08_4a08_application_7271ec0e932c,g4a_u08_4a08,singleKnowledgePoint,kp_g4a_u08_app_mul_div_sequence,application,single-form,pg_g4a_u08_app_divide_then_divide,ps_g4a_u08_app_divide_then_divide,20,DIVERSE_PARAMETER_GENERATOR,10,,,true,false
pgc_r03_g4a_u08_4a08_application_75cf23092fb6,g4a_u08_4a08,singleKnowledgePoint,kp_g4a_u08_app_mul_div_sequence,application,single-form,pg_g4a_u08_ext_equal_value_unit_price,ps_g4a_u08_ext_equal_value_unit_price,11,DIVERSE_PARAMETER_GENERATOR,10,CAPACITY_BELOW_20,DUPLICATE_PROMPT,false,true
pgc_r03_g4a_u08_4a08_application_a15a6e0fd654,g4a_u08_4a08,singleKnowledgePoint,kp_g4a_u08_app_mul_div_sequence,application,single-form,pg_g4a_u08_ext_relative_difference,ps_g4a_u08_ext_relative_difference,20,DIVERSE_PARAMETER_GENERATOR,10,,,true,false
pgc_r03_g4a_u08_4a08_application_eaf8fe8ad07e,g4a_u08_4a08,singleKnowledgePoint,kp_g4a_u08_app_mul_div_before_add_sub,application,single-form,pg_g4a_u08_app_payment_minus_unit_cost_times_quantity,ps_g4a_u08_app_payment_minus_unit_cost_times_quantity,20,DIVERSE_PARAMETER_GENERATOR,10,,,true,false
pgc_r03_g4a_u08_4a08_application_818d7850e90b,g4a_u08_4a08,singleKnowledgePoint,kp_g4a_u08_app_mul_div_before_add_sub,application,single-form,pg_g4a_u08_app_subtract_or_add_divided_amount,ps_g4a_u08_app_subtract_divided_amount_or_add_divided_amount,20,DIVERSE_PARAMETER_GENERATOR,10,,,true,false
pgc_r03_g4a_u08_4a08_application_404f709c1e6e,g4a_u08_4a08,singleKnowledgePoint,kp_g4a_u08_app_mul_div_before_add_sub,application,single-form,pg_g4a_u08_app_cost_overlay,ps_g4a_u08_app_cost_overlay,4,DIVERSE_PARAMETER_GENERATOR,10,CAPACITY_BELOW_20,DUPLICATE_PROMPT,false,true
pgc_r03_g4a_u08_4a08_application_4f38b526a048,g4a_u08_4a08,singleKnowledgePoint,kp_g4a_u08_app_mul_div_before_add_sub,application,single-form,pg_g4a_u08_ext_two_cost_component_payment,ps_g4a_u08_ext_two_cost_component_payment,20,DIVERSE_PARAMETER_GENERATOR,10,,,true,false
pgc_r03_g4a_u08_4a08_application_af3c496fb33c,g4a_u08_4a08,mixedKnowledgePointsSameUnit,kp_g4a_u08_num_add_group_round|kp_g4a_u08_num_signed_term_move|kp_g4a_u08_num_add_sub_left_assoc|kp_g4a_u08_num_parentheses_first|kp_g4a_u08_num_repeated_subtract_group|kp_g4a_u08_num_mul_div_safe_reorder|kp_g4a_u08_num_mul_div_left_assoc|kp_g4a_u08_num_repeated_divide_group|kp_g4a_u08_num_mul_div_before_add_sub|kp_g4a_u08_num_parentheses_change_precedence|kp_g4a_u08_num_compound_parentheses|kp_g4a_u08_app_add_sub_sequence|kp_g4a_u08_app_parentheses_grouping|kp_g4a_u08_app_mul_div_sequence|kp_g4a_u08_app_mul_div_before_add_sub,application,mixed-all,pg_g4a_u08_app_add_add|pg_g4a_u08_app_add_subtract|pg_g4a_u08_app_subtract_add|pg_g4a_u08_app_subtract_subtract|pg_g4a_u08_ext_comparison_chain|pg_g4a_u08_app_adjusted_amount_then_subtract|pg_g4a_u08_app_divide_by_group_product|pg_g4a_u08_app_difference_then_scale_overlay|pg_g4a_u08_app_multiply_then_share|pg_g4a_u08_app_unit_rate_then_scale|pg_g4a_u08_app_divide_then_divide|pg_g4a_u08_ext_equal_value_unit_price|pg_g4a_u08_ext_relative_difference|pg_g4a_u08_app_payment_minus_unit_cost_times_quantity|pg_g4a_u08_app_subtract_or_add_divided_amount|pg_g4a_u08_app_cost_overlay|pg_g4a_u08_ext_two_cost_component_payment,ps_g4a_u08_app_add_three_quantities|ps_g4a_u08_app_add_then_subtract_state_change|ps_g4a_u08_app_subtract_then_add_state_change|ps_g4a_u08_app_subtract_twice_state_change|ps_g4a_u08_ext_comparison_chain|ps_g4a_u08_app_adjusted_amount_then_subtract|ps_g4a_u08_app_divide_by_group_product|ps_g4a_u08_app_multiply_after_difference_then_add_sub|ps_g4a_u08_app_multiply_then_share|ps_g4a_u08_app_unit_rate_then_scale|ps_g4a_u08_app_divide_then_divide|ps_g4a_u08_ext_equal_value_unit_price|ps_g4a_u08_ext_relative_difference|ps_g4a_u08_app_payment_minus_unit_cost_times_quantity|ps_g4a_u08_app_subtract_divided_amount_or_add_divided_amount|ps_g4a_u08_app_cost_overlay|ps_g4a_u08_ext_two_cost_component_payment,20,DIVERSE_PARAMETER_GENERATOR,10,,,true,false
pgc_r03_g4b_u01_4b01_application_89ae020e0320,g4b_u01_4b01,sourceUnit,,application,source-unit,,ps_g4b_u01_3digit_by_3digit,20,DIVERSE_PARAMETER_GENERATOR,10,,,true,false
pgc_r03_g4b_u01_4b01_application_53b335e3c451,g4b_u01_4b01,singleKnowledgePoint,kp_g4b_u01_3digit_by_3digit,application,single-form,pg_g4b_u01_3digit_by_3digit,ps_g4b_u01_3digit_by_3digit,20,DIVERSE_PARAMETER_GENERATOR,10,,,true,false
pgc_r03_g4b_u01_4b01_application_32be2dc4b6c5,g4b_u01_4b01,mixedKnowledgePointsSameUnit,kp_g4b_u01_3digit_by_3digit|kp_g4b_u01_4digit_by_3digit|kp_g4b_u01_multiplier_internal_zero|kp_g4b_u01_trailing_zero_multiplication|kp_g4b_u01_3digit_div_3digit|kp_g4b_u01_4digit_div_3digit_2digit_quotient|kp_g4b_u01_4digit_div_3digit_1digit_quotient|kp_g4b_u01_trailing_zero_division_exact|kp_g4b_u01_trailing_zero_division_remainder_restore,application,mixed-all,pg_g4b_u01_3digit_by_3digit,ps_g4b_u01_3digit_by_3digit,20,DIVERSE_PARAMETER_GENERATOR,10,,,true,false
pgc_r03_g5a_u08_5a08_application_d534b69a1476,g5a_u08_5a08,sourceUnit,,application,source-unit,,ps_g5a_u08_app_discount_change|ps_g5a_u08_app_group_select|ps_g5a_u08_app_nested_grouping|ps_g5a_u08_app_adjust_unit_remaining|ps_g5a_u08_app_two_same_rate_groups_sum|ps_g5a_u08_app_two_product_groups_difference|ps_g5a_u08_app_near_round_unit_price|ps_g5a_u08_app_direct_average|ps_g5a_u08_app_average_share_transfer,20,DIVERSE_PARAMETER_GENERATOR,10,,,true,false
pgc_r03_g5a_u08_5a08_application_1b9de446e735,g5a_u08_5a08,sourceUnit,,application,source-unit,,ps_g5a_u08_app_discount_change|ps_g5a_u08_app_group_select|ps_g5a_u08_app_nested_grouping|ps_g5a_u08_app_adjust_unit_remaining|ps_g5a_u08_app_two_same_rate_groups_sum|ps_g5a_u08_app_two_product_groups_difference|ps_g5a_u08_app_near_round_unit_price|ps_g5a_u08_app_direct_average|ps_g5a_u08_app_average_share_transfer,16,DIVERSE_PARAMETER_GENERATOR,10,CAPACITY_BELOW_20,,true,true
pgc_r03_g5a_u08_5a08_application_ffe1f154626b,g5a_u08_5a08,sourceUnit,,application,source-unit,,ps_g5a_u08_app_discount_change|ps_g5a_u08_app_group_select|ps_g5a_u08_app_nested_grouping|ps_g5a_u08_app_adjust_unit_remaining|ps_g5a_u08_app_two_same_rate_groups_sum|ps_g5a_u08_app_two_product_groups_difference|ps_g5a_u08_app_near_round_unit_price|ps_g5a_u08_app_direct_average|ps_g5a_u08_app_average_share_transfer,20,DIVERSE_PARAMETER_GENERATOR,10,,,true,false
pgc_r03_g5a_u08_5a08_application_b7bf430f384a,g5a_u08_5a08,sourceUnit,,application,source-unit,,ps_g5a_u08_app_discount_change|ps_g5a_u08_app_group_select|ps_g5a_u08_app_nested_grouping|ps_g5a_u08_app_adjust_unit_remaining|ps_g5a_u08_app_two_same_rate_groups_sum|ps_g5a_u08_app_two_product_groups_difference|ps_g5a_u08_app_near_round_unit_price|ps_g5a_u08_app_direct_average|ps_g5a_u08_app_average_share_transfer,20,DIVERSE_PARAMETER_GENERATOR,10,,,true,false
pgc_r03_g5a_u08_5a08_application_c37c6a110dca,g5a_u08_5a08,sourceUnit,,application,source-unit,,ps_g5a_u08_app_discount_change|ps_g5a_u08_app_group_select|ps_g5a_u08_app_nested_grouping|ps_g5a_u08_app_adjust_unit_remaining|ps_g5a_u08_app_two_same_rate_groups_sum|ps_g5a_u08_app_two_product_groups_difference|ps_g5a_u08_app_near_round_unit_price|ps_g5a_u08_app_direct_average|ps_g5a_u08_app_average_share_transfer,20,DIVERSE_PARAMETER_GENERATOR,10,,,true,false
pgc_r03_g5a_u08_5a08_application_c94e35c538bc,g5a_u08_5a08,sourceUnit,,application,source-unit,,ps_g5a_u08_app_discount_change|ps_g5a_u08_app_group_select|ps_g5a_u08_app_nested_grouping|ps_g5a_u08_app_adjust_unit_remaining|ps_g5a_u08_app_two_same_rate_groups_sum|ps_g5a_u08_app_two_product_groups_difference|ps_g5a_u08_app_near_round_unit_price|ps_g5a_u08_app_direct_average|ps_g5a_u08_app_average_share_transfer,20,DIVERSE_PARAMETER_GENERATOR,10,,,true,false
pgc_r03_g5a_u08_5a08_application_72478eff7c1b,g5a_u08_5a08,sourceUnit,,application,source-unit,,ps_g5a_u08_app_discount_change|ps_g5a_u08_app_group_select|ps_g5a_u08_app_nested_grouping|ps_g5a_u08_app_adjust_unit_remaining|ps_g5a_u08_app_two_same_rate_groups_sum|ps_g5a_u08_app_two_product_groups_difference|ps_g5a_u08_app_near_round_unit_price|ps_g5a_u08_app_direct_average|ps_g5a_u08_app_average_share_transfer,20,DIVERSE_PARAMETER_GENERATOR,10,,,true,false
pgc_r03_g5a_u08_5a08_application_4dc33e590507,g5a_u08_5a08,sourceUnit,,application,source-unit,,ps_g5a_u08_app_discount_change|ps_g5a_u08_app_group_select|ps_g5a_u08_app_nested_grouping|ps_g5a_u08_app_adjust_unit_remaining|ps_g5a_u08_app_two_same_rate_groups_sum|ps_g5a_u08_app_two_product_groups_difference|ps_g5a_u08_app_near_round_unit_price|ps_g5a_u08_app_direct_average|ps_g5a_u08_app_average_share_transfer,16,DIVERSE_PARAMETER_GENERATOR,10,CAPACITY_BELOW_20,,true,true
pgc_r03_g5a_u08_5a08_application_0340e1599724,g5a_u08_5a08,sourceUnit,,application,source-unit,,ps_g5a_u08_app_discount_change|ps_g5a_u08_app_group_select|ps_g5a_u08_app_nested_grouping|ps_g5a_u08_app_adjust_unit_remaining|ps_g5a_u08_app_two_same_rate_groups_sum|ps_g5a_u08_app_two_product_groups_difference|ps_g5a_u08_app_near_round_unit_price|ps_g5a_u08_app_direct_average|ps_g5a_u08_app_average_share_transfer,20,DIVERSE_PARAMETER_GENERATOR,10,,,true,false
pgc_r03_g5a_u08_5a08_application_17e84e3b675b,g5a_u08_5a08,singleKnowledgePoint,kp_g5a_u08_mixed_operation_order,application,single-form,pg_g5a_u08_mixed_operation_order_application,ps_g5a_u08_app_discount_change,20,DIVERSE_PARAMETER_GENERATOR,10,,,true,false
pgc_r03_g5a_u08_5a08_application_9ea0118a3132,g5a_u08_5a08,singleKnowledgePoint,kp_g5a_u08_mixed_operation_order,application,single-form,pg_g5a_u08_mixed_operation_order_application,ps_g5a_u08_app_discount_change,20,DIVERSE_PARAMETER_GENERATOR,10,,,true,false
pgc_r03_g5a_u08_5a08_application_6208cf77fc72,g5a_u08_5a08,singleKnowledgePoint,kp_g5a_u08_mixed_operation_order,application,single-form,pg_g5a_u08_mixed_operation_order_application,ps_g5a_u08_app_discount_change,20,DIVERSE_PARAMETER_GENERATOR,10,,,true,false
pgc_r03_g5a_u08_5a08_application_0bee55264b37,g5a_u08_5a08,singleKnowledgePoint,kp_g5a_u08_mixed_operation_order,application,single-form,pg_g5a_u08_mixed_operation_order_application,ps_g5a_u08_app_discount_change,20,DIVERSE_PARAMETER_GENERATOR,10,,,true,false
pgc_r03_g5a_u08_5a08_application_4564425072ec,g5a_u08_5a08,singleKnowledgePoint,kp_g5a_u08_mixed_operation_order,application,single-form,pg_g5a_u08_mixed_operation_order_application,ps_g5a_u08_app_discount_change,20,DIVERSE_PARAMETER_GENERATOR,10,,,true,false
pgc_r03_g5a_u08_5a08_application_4a69089d682c,g5a_u08_5a08,singleKnowledgePoint,kp_g5a_u08_mixed_operation_order,application,single-form,pg_g5a_u08_mixed_operation_order_application,ps_g5a_u08_app_discount_change,20,DIVERSE_PARAMETER_GENERATOR,10,,,true,false
pgc_r03_g5a_u08_5a08_application_7a052166ea25,g5a_u08_5a08,singleKnowledgePoint,kp_g5a_u08_mul_div_equivalent_regroup,application,single-form,pg_g5a_u08_mul_div_regroup_application,ps_g5a_u08_app_group_select|ps_g5a_u08_app_nested_grouping,19,DIVERSE_PARAMETER_GENERATOR,10,CAPACITY_BELOW_20,,true,true
pgc_r03_g5a_u08_5a08_application_6221ed7464c1,g5a_u08_5a08,singleKnowledgePoint,kp_g5a_u08_mul_div_equivalent_regroup,application,single-form,pg_g5a_u08_mul_div_regroup_application,ps_g5a_u08_app_group_select|ps_g5a_u08_app_nested_grouping,19,DIVERSE_PARAMETER_GENERATOR,10,CAPACITY_BELOW_20,,true,true
pgc_r03_g5a_u08_5a08_application_96af72e5fc9f,g5a_u08_5a08,singleKnowledgePoint,kp_g5a_u08_mul_div_equivalent_regroup,application,single-form,pg_g5a_u08_mul_div_regroup_application,ps_g5a_u08_app_group_select|ps_g5a_u08_app_nested_grouping,19,DIVERSE_PARAMETER_GENERATOR,10,CAPACITY_BELOW_20,,true,true
pgc_r03_g5a_u08_5a08_application_bb24a1e3d61c,g5a_u08_5a08,singleKnowledgePoint,kp_g5a_u08_mul_div_equivalent_regroup,application,single-form,pg_g5a_u08_mul_div_regroup_application,ps_g5a_u08_app_group_select|ps_g5a_u08_app_nested_grouping,19,DIVERSE_PARAMETER_GENERATOR,10,CAPACITY_BELOW_20,,true,true
pgc_r03_g5a_u08_5a08_application_20e277ac57d1,g5a_u08_5a08,singleKnowledgePoint,kp_g5a_u08_mul_div_equivalent_regroup,application,single-form,pg_g5a_u08_mul_div_regroup_application,ps_g5a_u08_app_group_select|ps_g5a_u08_app_nested_grouping,19,DIVERSE_PARAMETER_GENERATOR,10,CAPACITY_BELOW_20,,true,true
pgc_r03_g5a_u08_5a08_application_4951581f6573,g5a_u08_5a08,singleKnowledgePoint,kp_g5a_u08_mul_div_equivalent_regroup,application,single-form,pg_g5a_u08_mul_div_regroup_application,ps_g5a_u08_app_group_select|ps_g5a_u08_app_nested_grouping,19,DIVERSE_PARAMETER_GENERATOR,10,CAPACITY_BELOW_20,,true,true
pgc_r03_g5a_u08_5a08_application_5331ab7008b0,g5a_u08_5a08,singleKnowledgePoint,kp_g5a_u08_distributive_expand,application,single-form,pg_g5a_u08_distributive_expand_application,ps_g5a_u08_app_adjust_unit_remaining,20,DIVERSE_PARAMETER_GENERATOR,10,,,true,false
pgc_r03_g5a_u08_5a08_application_220046acf9e8,g5a_u08_5a08,singleKnowledgePoint,kp_g5a_u08_distributive_expand,application,single-form,pg_g5a_u08_distributive_expand_application,ps_g5a_u08_app_adjust_unit_remaining,20,DIVERSE_PARAMETER_GENERATOR,10,,,true,false
pgc_r03_g5a_u08_5a08_application_a8ef7ac969e6,g5a_u08_5a08,singleKnowledgePoint,kp_g5a_u08_distributive_expand,application,single-form,pg_g5a_u08_distributive_expand_application,ps_g5a_u08_app_adjust_unit_remaining,20,DIVERSE_PARAMETER_GENERATOR,10,,,true,false
pgc_r03_g5a_u08_5a08_application_ca0049ca4492,g5a_u08_5a08,singleKnowledgePoint,kp_g5a_u08_distributive_expand,application,single-form,pg_g5a_u08_distributive_expand_application,ps_g5a_u08_app_adjust_unit_remaining,20,DIVERSE_PARAMETER_GENERATOR,10,,,true,false
pgc_r03_g5a_u08_5a08_application_d6d3f3b71078,g5a_u08_5a08,singleKnowledgePoint,kp_g5a_u08_distributive_expand,application,single-form,pg_g5a_u08_distributive_expand_application,ps_g5a_u08_app_adjust_unit_remaining,20,DIVERSE_PARAMETER_GENERATOR,10,,,true,false
pgc_r03_g5a_u08_5a08_application_ea3752ad626c,g5a_u08_5a08,singleKnowledgePoint,kp_g5a_u08_distributive_expand,application,single-form,pg_g5a_u08_distributive_expand_application,ps_g5a_u08_app_adjust_unit_remaining,20,DIVERSE_PARAMETER_GENERATOR,10,,,true,false
pgc_r03_g5a_u08_5a08_application_62c2c6d4b3d2,g5a_u08_5a08,singleKnowledgePoint,kp_g5a_u08_common_factor_extract,application,single-form,pg_g5a_u08_common_factor_application,ps_g5a_u08_app_two_same_rate_groups_sum|ps_g5a_u08_app_two_product_groups_difference,20,DIVERSE_PARAMETER_GENERATOR,10,,,true,false
pgc_r03_g5a_u08_5a08_application_0a07b3c498fe,g5a_u08_5a08,singleKnowledgePoint,kp_g5a_u08_common_factor_extract,application,single-form,pg_g5a_u08_common_factor_application,ps_g5a_u08_app_two_same_rate_groups_sum|ps_g5a_u08_app_two_product_groups_difference,20,DIVERSE_PARAMETER_GENERATOR,10,,,true,false
pgc_r03_g5a_u08_5a08_application_f17c73b42c22,g5a_u08_5a08,singleKnowledgePoint,kp_g5a_u08_common_factor_extract,application,single-form,pg_g5a_u08_common_factor_application,ps_g5a_u08_app_two_same_rate_groups_sum|ps_g5a_u08_app_two_product_groups_difference,20,DIVERSE_PARAMETER_GENERATOR,10,,,true,false
pgc_r03_g5a_u08_5a08_application_df56021704c7,g5a_u08_5a08,singleKnowledgePoint,kp_g5a_u08_common_factor_extract,application,single-form,pg_g5a_u08_common_factor_application,ps_g5a_u08_app_two_same_rate_groups_sum|ps_g5a_u08_app_two_product_groups_difference,20,DIVERSE_PARAMETER_GENERATOR,10,,,true,false
pgc_r03_g5a_u08_5a08_application_76af5fbb1e95,g5a_u08_5a08,singleKnowledgePoint,kp_g5a_u08_common_factor_extract,application,single-form,pg_g5a_u08_common_factor_application,ps_g5a_u08_app_two_same_rate_groups_sum|ps_g5a_u08_app_two_product_groups_difference,20,DIVERSE_PARAMETER_GENERATOR,10,,,true,false
pgc_r03_g5a_u08_5a08_application_3245dbfb6e66,g5a_u08_5a08,singleKnowledgePoint,kp_g5a_u08_common_factor_extract,application,single-form,pg_g5a_u08_common_factor_application,ps_g5a_u08_app_two_same_rate_groups_sum|ps_g5a_u08_app_two_product_groups_difference,20,DIVERSE_PARAMETER_GENERATOR,10,,,true,false
pgc_r03_g5a_u08_5a08_application_0be89cdbca37,g5a_u08_5a08,singleKnowledgePoint,kp_g5a_u08_common_factor_extract,application,single-form,pg_g5a_u08_common_factor_application,ps_g5a_u08_app_two_same_rate_groups_sum|ps_g5a_u08_app_two_product_groups_difference,20,DIVERSE_PARAMETER_GENERATOR,10,,,true,false
pgc_r03_g5a_u08_5a08_application_7b719411c06c,g5a_u08_5a08,singleKnowledgePoint,kp_g5a_u08_common_factor_extract,application,single-form,pg_g5a_u08_common_factor_application,ps_g5a_u08_app_two_same_rate_groups_sum|ps_g5a_u08_app_two_product_groups_difference,20,DIVERSE_PARAMETER_GENERATOR,10,,,true,false
pgc_r03_g5a_u08_5a08_application_124a66e1a40a,g5a_u08_5a08,singleKnowledgePoint,kp_g5a_u08_common_factor_extract,application,single-form,pg_g5a_u08_common_factor_application,ps_g5a_u08_app_two_same_rate_groups_sum|ps_g5a_u08_app_two_product_groups_difference,20,DIVERSE_PARAMETER_GENERATOR,10,,,true,false
pgc_r03_g5a_u08_5a08_application_3a286699a4da,g5a_u08_5a08,singleKnowledgePoint,kp_g5a_u08_near_round_multiply_compensation,application,single-form,pg_g5a_u08_near_round_multiply_application,ps_g5a_u08_app_near_round_unit_price,20,DIVERSE_PARAMETER_GENERATOR,10,,,true,false
pgc_r03_g5a_u08_5a08_application_3ec5ea10378a,g5a_u08_5a08,singleKnowledgePoint,kp_g5a_u08_near_round_multiply_compensation,application,single-form,pg_g5a_u08_near_round_multiply_application,ps_g5a_u08_app_near_round_unit_price,19,DIVERSE_PARAMETER_GENERATOR,10,CAPACITY_BELOW_20,,true,true
pgc_r03_g5a_u08_5a08_application_6a46343033cb,g5a_u08_5a08,singleKnowledgePoint,kp_g5a_u08_near_round_multiply_compensation,application,single-form,pg_g5a_u08_near_round_multiply_application,ps_g5a_u08_app_near_round_unit_price,19,DIVERSE_PARAMETER_GENERATOR,10,CAPACITY_BELOW_20,,true,true
pgc_r03_g5a_u08_5a08_application_0ea6759b0c8d,g5a_u08_5a08,singleKnowledgePoint,kp_g5a_u08_near_round_multiply_compensation,application,single-form,pg_g5a_u08_near_round_multiply_application,ps_g5a_u08_app_near_round_unit_price,19,DIVERSE_PARAMETER_GENERATOR,10,CAPACITY_BELOW_20,,true,true
pgc_r03_g5a_u08_5a08_application_8c256beb697c,g5a_u08_5a08,singleKnowledgePoint,kp_g5a_u08_near_round_multiply_compensation,application,single-form,pg_g5a_u08_near_round_multiply_application,ps_g5a_u08_app_near_round_unit_price,17,DIVERSE_PARAMETER_GENERATOR,10,CAPACITY_BELOW_20,DUPLICATE_PROMPT,false,true
pgc_r03_g5a_u08_5a08_application_914ffeeae0aa,g5a_u08_5a08,singleKnowledgePoint,kp_g5a_u08_near_round_multiply_compensation,application,single-form,pg_g5a_u08_near_round_multiply_application,ps_g5a_u08_app_near_round_unit_price,18,DIVERSE_PARAMETER_GENERATOR,10,CAPACITY_BELOW_20,DUPLICATE_PROMPT,false,true
pgc_r03_g5a_u08_5a08_application_38d6f8962519,g5a_u08_5a08,singleKnowledgePoint,kp_g5a_u08_near_round_multiply_compensation,application,single-form,pg_g5a_u08_near_round_multiply_application,ps_g5a_u08_app_near_round_unit_price,19,DIVERSE_PARAMETER_GENERATOR,10,CAPACITY_BELOW_20,,true,true
pgc_r03_g5a_u08_5a08_application_c47cb28f3b46,g5a_u08_5a08,singleKnowledgePoint,kp_g5a_u08_near_round_multiply_compensation,application,single-form,pg_g5a_u08_near_round_multiply_application,ps_g5a_u08_app_near_round_unit_price,17,DIVERSE_PARAMETER_GENERATOR,10,CAPACITY_BELOW_20,DUPLICATE_PROMPT,false,true
pgc_r03_g5a_u08_5a08_application_0bfd88403063,g5a_u08_5a08,singleKnowledgePoint,kp_g5a_u08_near_round_multiply_compensation,application,single-form,pg_g5a_u08_near_round_multiply_application,ps_g5a_u08_app_near_round_unit_price,18,DIVERSE_PARAMETER_GENERATOR,10,CAPACITY_BELOW_20,DUPLICATE_PROMPT,false,true
pgc_r03_g5a_u08_5a08_application_1509caaa79a2,g5a_u08_5a08,singleKnowledgePoint,kp_g5a_u08_average_inverse_update,application,single-form,pg_g5a_u08_average_application,ps_g5a_u08_app_direct_average|ps_g5a_u08_app_average_share_transfer,20,DIVERSE_PARAMETER_GENERATOR,10,,,true,false
pgc_r03_g5a_u08_5a08_application_1b03f9dfb06a,g5a_u08_5a08,singleKnowledgePoint,kp_g5a_u08_average_inverse_update,application,single-form,pg_g5a_u08_average_application,ps_g5a_u08_app_direct_average|ps_g5a_u08_app_average_share_transfer,20,DIVERSE_PARAMETER_GENERATOR,10,,,true,false
pgc_r03_g5a_u08_5a08_application_bdbb485ab4a1,g5a_u08_5a08,singleKnowledgePoint,kp_g5a_u08_average_inverse_update,application,single-form,pg_g5a_u08_average_application,ps_g5a_u08_app_direct_average|ps_g5a_u08_app_average_share_transfer,20,DIVERSE_PARAMETER_GENERATOR,10,,,true,false
pgc_r03_g5a_u08_5a08_application_538c777408bc,g5a_u08_5a08,singleKnowledgePoint,kp_g5a_u08_average_inverse_update,application,single-form,pg_g5a_u08_average_application,ps_g5a_u08_app_direct_average|ps_g5a_u08_app_average_share_transfer,20,DIVERSE_PARAMETER_GENERATOR,10,,,true,false
pgc_r03_g5a_u08_5a08_application_459b265759f8,g5a_u08_5a08,singleKnowledgePoint,kp_g5a_u08_average_inverse_update,application,single-form,pg_g5a_u08_average_application,ps_g5a_u08_app_direct_average|ps_g5a_u08_app_average_share_transfer,20,DIVERSE_PARAMETER_GENERATOR,10,,,true,false
pgc_r03_g5a_u08_5a08_application_2e0f9ecbb5f9,g5a_u08_5a08,singleKnowledgePoint,kp_g5a_u08_average_inverse_update,application,single-form,pg_g5a_u08_average_application,ps_g5a_u08_app_direct_average|ps_g5a_u08_app_average_share_transfer,20,DIVERSE_PARAMETER_GENERATOR,10,,,true,false
pgc_r03_g5a_u08_5a08_application_0e1bf11cb01d,g5a_u08_5a08,singleKnowledgePoint,kp_g5a_u08_average_inverse_update,application,single-form,pg_g5a_u08_average_application,ps_g5a_u08_app_direct_average|ps_g5a_u08_app_average_share_transfer,20,DIVERSE_PARAMETER_GENERATOR,10,,,true,false
pgc_r03_g5a_u08_5a08_application_c81856a6f598,g5a_u08_5a08,singleKnowledgePoint,kp_g5a_u08_average_inverse_update,application,single-form,pg_g5a_u08_average_application,ps_g5a_u08_app_direct_average|ps_g5a_u08_app_average_share_transfer,20,DIVERSE_PARAMETER_GENERATOR,10,,,true,false
pgc_r03_g5a_u08_5a08_application_f429be803473,g5a_u08_5a08,singleKnowledgePoint,kp_g5a_u08_average_inverse_update,application,single-form,pg_g5a_u08_average_application,ps_g5a_u08_app_direct_average|ps_g5a_u08_app_average_share_transfer,20,DIVERSE_PARAMETER_GENERATOR,10,,,true,false
pgc_r03_g4b_u04_4b04_application_26537869ba0a,g4b_u04_4b04,sourceUnit,,application,source-unit,,ps_g4b_u04_floor_complete_groups|ps_g4b_u04_ceiling_minimum_required|ps_g4b_u04_payment_amount_ceiling|ps_g4b_u04_payment_banknote_count|ps_g4b_u04_discount_payment_amount_round_down|ps_g4b_u04_discount_banknote_count_round_down,20,DIVERSE_PARAMETER_GENERATOR,10,,,true,false
pgc_r03_g4b_u04_4b04_application_62e2a3f5cf58,g4b_u04_4b04,sourceUnit,,application,source-unit,,ps_g4b_u04_floor_complete_groups|ps_g4b_u04_ceiling_minimum_required|ps_g4b_u04_payment_amount_ceiling|ps_g4b_u04_payment_banknote_count|ps_g4b_u04_discount_payment_amount_round_down|ps_g4b_u04_discount_banknote_count_round_down,20,DIVERSE_PARAMETER_GENERATOR,10,,,true,false
pgc_r03_g4b_u04_4b04_application_3d35ee525e64,g4b_u04_4b04,sourceUnit,,application,source-unit,,ps_g4b_u04_floor_complete_groups|ps_g4b_u04_ceiling_minimum_required|ps_g4b_u04_payment_amount_ceiling|ps_g4b_u04_payment_banknote_count|ps_g4b_u04_discount_payment_amount_round_down|ps_g4b_u04_discount_banknote_count_round_down,20,DIVERSE_PARAMETER_GENERATOR,10,,,true,false
pgc_r03_g4b_u04_4b04_application_3a8d70cc012a,g4b_u04_4b04,singleKnowledgePoint,kp_g4b_u04_context_floor_ceiling_selection,application,single-form,pg_g4b_u04_context_floor_ceiling,ps_g4b_u04_floor_complete_groups|ps_g4b_u04_ceiling_minimum_required,20,DIVERSE_PARAMETER_GENERATOR,10,,,true,false
pgc_r03_g4b_u04_4b04_application_e767ebe486ee,g4b_u04_4b04,singleKnowledgePoint,kp_g4b_u04_context_floor_ceiling_selection,application,single-form,pg_g4b_u04_context_floor_ceiling,ps_g4b_u04_floor_complete_groups|ps_g4b_u04_ceiling_minimum_required,20,DIVERSE_PARAMETER_GENERATOR,10,,,true,false
pgc_r03_g4b_u04_4b04_application_dba5ddfbb4a9,g4b_u04_4b04,singleKnowledgePoint,kp_g4b_u04_context_floor_ceiling_selection,application,single-form,pg_g4b_u04_context_floor_ceiling,ps_g4b_u04_floor_complete_groups|ps_g4b_u04_ceiling_minimum_required,20,DIVERSE_PARAMETER_GENERATOR,10,,,true,false
pgc_r03_g4b_u04_4b04_application_77969abcbeba,g4b_u04_4b04,singleKnowledgePoint,kp_g4b_u04_payment_denomination_ceiling,application,single-form,pg_g4b_u04_payment_ceiling,ps_g4b_u04_payment_amount_ceiling|ps_g4b_u04_payment_banknote_count,20,DIVERSE_PARAMETER_GENERATOR,10,,,true,false
pgc_r03_g4b_u04_4b04_application_b291ed7f35f0,g4b_u04_4b04,singleKnowledgePoint,kp_g4b_u04_payment_denomination_ceiling,application,single-form,pg_g4b_u04_payment_ceiling,ps_g4b_u04_payment_amount_ceiling|ps_g4b_u04_payment_banknote_count,20,DIVERSE_PARAMETER_GENERATOR,10,,,true,false
pgc_r03_g4b_u04_4b04_application_b8ab0c4fcb16,g4b_u04_4b04,singleKnowledgePoint,kp_g4b_u04_payment_denomination_ceiling,application,single-form,pg_g4b_u04_payment_ceiling,ps_g4b_u04_payment_amount_ceiling|ps_g4b_u04_payment_banknote_count,20,DIVERSE_PARAMETER_GENERATOR,10,,,true,false
pgc_r03_g4b_u04_4b04_application_82a5effd78d7,g4b_u04_4b04,singleKnowledgePoint,kp_g4b_u04_discount_denomination_round_down,application,single-form,pg_g4b_u04_discount_round_down,ps_g4b_u04_discount_payment_amount_round_down|ps_g4b_u04_discount_banknote_count_round_down,20,DIVERSE_PARAMETER_GENERATOR,10,,,true,false
pgc_r03_g4b_u04_4b04_application_f76b11dab829,g4b_u04_4b04,singleKnowledgePoint,kp_g4b_u04_discount_denomination_round_down,application,single-form,pg_g4b_u04_discount_round_down,ps_g4b_u04_discount_payment_amount_round_down|ps_g4b_u04_discount_banknote_count_round_down,20,DIVERSE_PARAMETER_GENERATOR,10,,,true,false
pgc_r03_g4b_u04_4b04_application_94e32023d7a8,g4b_u04_4b04,singleKnowledgePoint,kp_g4b_u04_discount_denomination_round_down,application,single-form,pg_g4b_u04_discount_round_down,ps_g4b_u04_discount_payment_amount_round_down|ps_g4b_u04_discount_banknote_count_round_down,20,DIVERSE_PARAMETER_GENERATOR,10,,,true,false
pgc_r03_g4b_u04_4b04_application_65daa35558a8,g4b_u04_4b04,mixedKnowledgePointsSameUnit,kp_g4b_u04_approximation_language_cues|kp_g4b_u04_approximation_symbol_reading|kp_g4b_u04_three_approximation_methods_compare|kp_g4b_u04_unconditional_round_down|kp_g4b_u04_unconditional_round_up|kp_g4b_u04_round_half_up_place_value|kp_g4b_u04_context_floor_ceiling_selection|kp_g4b_u04_payment_denomination_ceiling|kp_g4b_u04_round_then_add_subtract|kp_g4b_u04_round_then_multiply_divide|kp_g4b_u04_inverse_rounding_unknown_digit|kp_g4b_u04_inverse_rounding_possible_original|kp_g4b_u04_discount_denomination_round_down,application,mixed-all,pg_g4b_u04_context_floor_ceiling|pg_g4b_u04_payment_ceiling|pg_g4b_u04_discount_round_down,ps_g4b_u04_floor_complete_groups|ps_g4b_u04_ceiling_minimum_required|ps_g4b_u04_payment_amount_ceiling|ps_g4b_u04_payment_banknote_count|ps_g4b_u04_discount_payment_amount_round_down|ps_g4b_u04_discount_banknote_count_round_down,20,DIVERSE_PARAMETER_GENERATOR,10,,,true,false
pgc_r03_g4b_u04_4b04_application_992032f20132,g4b_u04_4b04,mixedKnowledgePointsSameUnit,kp_g4b_u04_approximation_language_cues|kp_g4b_u04_approximation_symbol_reading|kp_g4b_u04_three_approximation_methods_compare|kp_g4b_u04_unconditional_round_down|kp_g4b_u04_unconditional_round_up|kp_g4b_u04_round_half_up_place_value|kp_g4b_u04_context_floor_ceiling_selection|kp_g4b_u04_payment_denomination_ceiling|kp_g4b_u04_round_then_add_subtract|kp_g4b_u04_round_then_multiply_divide|kp_g4b_u04_inverse_rounding_unknown_digit|kp_g4b_u04_inverse_rounding_possible_original|kp_g4b_u04_discount_denomination_round_down,application,mixed-all,pg_g4b_u04_context_floor_ceiling|pg_g4b_u04_payment_ceiling|pg_g4b_u04_discount_round_down,ps_g4b_u04_floor_complete_groups|ps_g4b_u04_ceiling_minimum_required|ps_g4b_u04_payment_amount_ceiling|ps_g4b_u04_payment_banknote_count|ps_g4b_u04_discount_payment_amount_round_down|ps_g4b_u04_discount_banknote_count_round_down,20,DIVERSE_PARAMETER_GENERATOR,10,,,true,false
pgc_r03_g4b_u04_4b04_application_8977aece2491,g4b_u04_4b04,mixedKnowledgePointsSameUnit,kp_g4b_u04_approximation_language_cues|kp_g4b_u04_approximation_symbol_reading|kp_g4b_u04_three_approximation_methods_compare|kp_g4b_u04_unconditional_round_down|kp_g4b_u04_unconditional_round_up|kp_g4b_u04_round_half_up_place_value|kp_g4b_u04_context_floor_ceiling_selection|kp_g4b_u04_payment_denomination_ceiling|kp_g4b_u04_round_then_add_subtract|kp_g4b_u04_round_then_multiply_divide|kp_g4b_u04_inverse_rounding_unknown_digit|kp_g4b_u04_inverse_rounding_possible_original|kp_g4b_u04_discount_denomination_round_down,application,mixed-all,pg_g4b_u04_context_floor_ceiling|pg_g4b_u04_payment_ceiling|pg_g4b_u04_discount_round_down,ps_g4b_u04_floor_complete_groups|ps_g4b_u04_ceiling_minimum_required|ps_g4b_u04_payment_amount_ceiling|ps_g4b_u04_payment_banknote_count|ps_g4b_u04_discount_payment_amount_round_down|ps_g4b_u04_discount_banknote_count_round_down,20,DIVERSE_PARAMETER_GENERATOR,10,,,true,false
pgc_r03_g5a_u02_5a02_application_9b86fa183ef1,g5a_u02_5a02,sourceUnit,,application,source-unit,,ps_g5a_u02_equal_partition_all_segment_counts|ps_g5a_u02_equal_partition_range_constrained_recipients|ps_g5a_u02_remainder_transfer|ps_g5a_u02_maximum_equal_grouping|ps_g5a_u02_possible_equal_packaging_counts|ps_g5a_u02_rectangle_square_side_lengths|ps_g5a_u02_square_tile_area_possibilities|ps_g5a_u02_multi_constraint_digit_code,20,DIVERSE_PARAMETER_GENERATOR,10,,,true,false
pgc_r03_g5a_u02_5a02_application_b9ea7527439b,g5a_u02_5a02,sourceUnit,,application,source-unit,,ps_g5a_u02_equal_partition_all_segment_counts|ps_g5a_u02_equal_partition_range_constrained_recipients|ps_g5a_u02_remainder_transfer|ps_g5a_u02_maximum_equal_grouping|ps_g5a_u02_possible_equal_packaging_counts|ps_g5a_u02_rectangle_square_side_lengths|ps_g5a_u02_square_tile_area_possibilities|ps_g5a_u02_multi_constraint_digit_code,16,DIVERSE_PARAMETER_GENERATOR,10,CAPACITY_BELOW_20,DUPLICATE_PROMPT,false,true
pgc_r03_g5a_u02_5a02_application_3343b99321ed,g5a_u02_5a02,sourceUnit,,application,source-unit,,ps_g5a_u02_equal_partition_all_segment_counts|ps_g5a_u02_equal_partition_range_constrained_recipients|ps_g5a_u02_remainder_transfer|ps_g5a_u02_maximum_equal_grouping|ps_g5a_u02_possible_equal_packaging_counts|ps_g5a_u02_rectangle_square_side_lengths|ps_g5a_u02_square_tile_area_possibilities|ps_g5a_u02_multi_constraint_digit_code,14,DIVERSE_PARAMETER_GENERATOR,10,CAPACITY_BELOW_20,,true,true
pgc_r03_g5a_u02_5a02_application_1c9080443536,g5a_u02_5a02,sourceUnit,,application,source-unit,,ps_g5a_u02_equal_partition_all_segment_counts|ps_g5a_u02_equal_partition_range_constrained_recipients|ps_g5a_u02_remainder_transfer|ps_g5a_u02_maximum_equal_grouping|ps_g5a_u02_possible_equal_packaging_counts|ps_g5a_u02_rectangle_square_side_lengths|ps_g5a_u02_square_tile_area_possibilities|ps_g5a_u02_multi_constraint_digit_code,9,DIVERSE_PARAMETER_GENERATOR,10,CAPACITY_BELOW_20,DUPLICATE_PROMPT,false,true
pgc_r03_g5a_u02_5a02_application_985d770c5a99,g5a_u02_5a02,sourceUnit,,application,source-unit,,ps_g5a_u02_equal_partition_all_segment_counts|ps_g5a_u02_equal_partition_range_constrained_recipients|ps_g5a_u02_remainder_transfer|ps_g5a_u02_maximum_equal_grouping|ps_g5a_u02_possible_equal_packaging_counts|ps_g5a_u02_rectangle_square_side_lengths|ps_g5a_u02_square_tile_area_possibilities|ps_g5a_u02_multi_constraint_digit_code,14,DIVERSE_PARAMETER_GENERATOR,10,CAPACITY_BELOW_20,DUPLICATE_PROMPT,false,true
pgc_r03_g5a_u02_5a02_application_0f781f8e8a1e,g5a_u02_5a02,sourceUnit,,application,source-unit,,ps_g5a_u02_equal_partition_all_segment_counts|ps_g5a_u02_equal_partition_range_constrained_recipients|ps_g5a_u02_remainder_transfer|ps_g5a_u02_maximum_equal_grouping|ps_g5a_u02_possible_equal_packaging_counts|ps_g5a_u02_rectangle_square_side_lengths|ps_g5a_u02_square_tile_area_possibilities|ps_g5a_u02_multi_constraint_digit_code,14,DIVERSE_PARAMETER_GENERATOR,10,CAPACITY_BELOW_20,,true,true
pgc_r03_g5a_u02_5a02_application_46bda35b3c7f,g5a_u02_5a02,sourceUnit,,application,source-unit,,ps_g5a_u02_equal_partition_all_segment_counts|ps_g5a_u02_equal_partition_range_constrained_recipients|ps_g5a_u02_remainder_transfer|ps_g5a_u02_maximum_equal_grouping|ps_g5a_u02_possible_equal_packaging_counts|ps_g5a_u02_rectangle_square_side_lengths|ps_g5a_u02_square_tile_area_possibilities|ps_g5a_u02_multi_constraint_digit_code,9,DIVERSE_PARAMETER_GENERATOR,10,CAPACITY_BELOW_20,DUPLICATE_PROMPT,false,true
pgc_r03_g5a_u02_5a02_application_7ad26b5a5dbd,g5a_u02_5a02,sourceUnit,,application,source-unit,,ps_g5a_u02_equal_partition_all_segment_counts|ps_g5a_u02_equal_partition_range_constrained_recipients|ps_g5a_u02_remainder_transfer|ps_g5a_u02_maximum_equal_grouping|ps_g5a_u02_possible_equal_packaging_counts|ps_g5a_u02_rectangle_square_side_lengths|ps_g5a_u02_square_tile_area_possibilities|ps_g5a_u02_multi_constraint_digit_code,14,DIVERSE_PARAMETER_GENERATOR,10,CAPACITY_BELOW_20,DUPLICATE_PROMPT,false,true
pgc_r03_g5a_u02_5a02_application_68bc30e4e2f0,g5a_u02_5a02,sourceUnit,,application,source-unit,,ps_g5a_u02_equal_partition_all_segment_counts|ps_g5a_u02_equal_partition_range_constrained_recipients|ps_g5a_u02_remainder_transfer|ps_g5a_u02_maximum_equal_grouping|ps_g5a_u02_possible_equal_packaging_counts|ps_g5a_u02_rectangle_square_side_lengths|ps_g5a_u02_square_tile_area_possibilities|ps_g5a_u02_multi_constraint_digit_code,14,DIVERSE_PARAMETER_GENERATOR,10,CAPACITY_BELOW_20,,true,true
pgc_r03_g5a_u02_5a02_application_0e41b6bbcd12,g5a_u02_5a02,singleKnowledgePoint,kp_g5a_u02_equal_partition_factor_application,application,single-form,pg_g5a_u02_equal_partition_application,ps_g5a_u02_equal_partition_all_segment_counts|ps_g5a_u02_equal_partition_range_constrained_recipients,9,DIVERSE_PARAMETER_GENERATOR,9,CAPACITY_BELOW_20,DUPLICATE_PROMPT,false,true
pgc_r03_g5a_u02_5a02_application_aeea91eb2db0,g5a_u02_5a02,singleKnowledgePoint,kp_g5a_u02_equal_partition_factor_application,application,single-form,pg_g5a_u02_equal_partition_application,ps_g5a_u02_equal_partition_all_segment_counts|ps_g5a_u02_equal_partition_range_constrained_recipients,9,DIVERSE_PARAMETER_GENERATOR,9,CAPACITY_BELOW_20,DUPLICATE_PROMPT,false,true
pgc_r03_g5a_u02_5a02_application_cedc8aeaa8a2,g5a_u02_5a02,singleKnowledgePoint,kp_g5a_u02_equal_partition_factor_application,application,single-form,pg_g5a_u02_equal_partition_application,ps_g5a_u02_equal_partition_all_segment_counts|ps_g5a_u02_equal_partition_range_constrained_recipients,5,BOUNDED_DIVERSITY,6,CAPACITY_BELOW_20|BOUNDED_DIVERSITY|NON_DIVERSE_QUALITY_STATUS,DUPLICATE_PROMPT,false,true
pgc_r03_g5a_u02_5a02_application_f1433085b802,g5a_u02_5a02,singleKnowledgePoint,kp_g5a_u02_equal_partition_factor_application,application,single-form,pg_g5a_u02_equal_partition_application,ps_g5a_u02_equal_partition_all_segment_counts|ps_g5a_u02_equal_partition_range_constrained_recipients,5,BOUNDED_DIVERSITY,6,CAPACITY_BELOW_20|BOUNDED_DIVERSITY|NON_DIVERSE_QUALITY_STATUS,DUPLICATE_PROMPT,false,true
pgc_r03_g5a_u02_5a02_application_9c0c742bdbca,g5a_u02_5a02,singleKnowledgePoint,kp_g5a_u02_equal_partition_factor_application,application,single-form,pg_g5a_u02_equal_partition_application,ps_g5a_u02_equal_partition_all_segment_counts|ps_g5a_u02_equal_partition_range_constrained_recipients,5,BOUNDED_DIVERSITY,6,CAPACITY_BELOW_20|BOUNDED_DIVERSITY|NON_DIVERSE_QUALITY_STATUS,DUPLICATE_PROMPT,false,true
pgc_r03_g5a_u02_5a02_application_3f549bdc074b,g5a_u02_5a02,singleKnowledgePoint,kp_g5a_u02_equal_partition_factor_application,application,single-form,pg_g5a_u02_equal_partition_application,ps_g5a_u02_equal_partition_all_segment_counts|ps_g5a_u02_equal_partition_range_constrained_recipients,5,BOUNDED_DIVERSITY,6,CAPACITY_BELOW_20|BOUNDED_DIVERSITY|NON_DIVERSE_QUALITY_STATUS,DUPLICATE_PROMPT,false,true
pgc_r03_g5a_u02_5a02_application_a69056e44223,g5a_u02_5a02,singleKnowledgePoint,kp_g5a_u02_maximum_equal_grouping_gcf_application,application,single-form,pg_g5a_u02_maximum_equal_grouping,ps_g5a_u02_maximum_equal_grouping,20,DIVERSE_PARAMETER_GENERATOR,10,,,true,false
pgc_r03_g5a_u02_5a02_application_e7558529759b,g5a_u02_5a02,singleKnowledgePoint,kp_g5a_u02_maximum_equal_grouping_gcf_application,application,single-form,pg_g5a_u02_maximum_equal_grouping,ps_g5a_u02_maximum_equal_grouping,20,DIVERSE_PARAMETER_GENERATOR,10,,,true,false
pgc_r03_g5a_u02_5a02_application_a88fdf164b3c,g5a_u02_5a02,singleKnowledgePoint,kp_g5a_u02_maximum_equal_grouping_gcf_application,application,single-form,pg_g5a_u02_maximum_equal_grouping,ps_g5a_u02_maximum_equal_grouping,20,DIVERSE_PARAMETER_GENERATOR,10,,,true,false
pgc_r03_g5a_u02_5a02_application_ef756666b57e,g5a_u02_5a02,singleKnowledgePoint,kp_g5a_u02_maximum_equal_grouping_gcf_application,application,single-form,pg_g5a_u02_maximum_equal_grouping,ps_g5a_u02_maximum_equal_grouping,20,DIVERSE_PARAMETER_GENERATOR,10,,,true,false
pgc_r03_g5a_u02_5a02_application_2b2e5a8e045d,g5a_u02_5a02,singleKnowledgePoint,kp_g5a_u02_possible_equal_packaging_common_factor_application,application,single-form,pg_g5a_u02_possible_equal_packaging,ps_g5a_u02_possible_equal_packaging_counts,20,DIVERSE_PARAMETER_GENERATOR,10,,,true,false
pgc_r03_g5a_u02_5a02_application_4ed4bfedcd82,g5a_u02_5a02,singleKnowledgePoint,kp_g5a_u02_possible_equal_packaging_common_factor_application,application,single-form,pg_g5a_u02_possible_equal_packaging,ps_g5a_u02_possible_equal_packaging_counts,20,DIVERSE_PARAMETER_GENERATOR,10,,,true,false
pgc_r03_g5a_u02_5a02_application_f71640861bb3,g5a_u02_5a02,singleKnowledgePoint,kp_g5a_u02_possible_equal_packaging_common_factor_application,application,single-form,pg_g5a_u02_possible_equal_packaging,ps_g5a_u02_possible_equal_packaging_counts,20,DIVERSE_PARAMETER_GENERATOR,10,,,true,false
pgc_r03_g5a_u02_5a02_application_5512b0ef04f6,g5a_u02_5a02,singleKnowledgePoint,kp_g5a_u02_possible_equal_packaging_common_factor_application,application,single-form,pg_g5a_u02_possible_equal_packaging,ps_g5a_u02_possible_equal_packaging_counts,20,DIVERSE_PARAMETER_GENERATOR,10,,,true,false
pgc_r03_g5a_u02_5a02_application_83a31209e0a3,g5a_u02_5a02,singleKnowledgePoint,kp_g5a_u02_rectangle_equal_square_side_lengths,application,single-form,pg_g5a_u02_rectangle_square_sides,ps_g5a_u02_rectangle_square_side_lengths,14,DIVERSE_PARAMETER_GENERATOR,10,CAPACITY_BELOW_20,,true,true
pgc_r03_g5a_u02_5a02_application_c50d6c1ea23c,g5a_u02_5a02,singleKnowledgePoint,kp_g5a_u02_rectangle_equal_square_side_lengths,application,single-form,pg_g5a_u02_rectangle_square_sides,ps_g5a_u02_rectangle_square_side_lengths,14,DIVERSE_PARAMETER_GENERATOR,10,CAPACITY_BELOW_20,,true,true
pgc_r03_g5a_u02_5a02_application_c64bc5494909,g5a_u02_5a02,singleKnowledgePoint,kp_g5a_u02_rectangle_equal_square_side_lengths,application,single-form,pg_g5a_u02_rectangle_square_sides,ps_g5a_u02_rectangle_square_side_lengths,14,DIVERSE_PARAMETER_GENERATOR,10,CAPACITY_BELOW_20,,true,true
pgc_r03_g5a_u02_5a02_application_341abddda671,g5a_u02_5a02,singleKnowledgePoint,kp_g5a_u02_rectangle_equal_square_side_lengths,application,single-form,pg_g5a_u02_rectangle_square_sides,ps_g5a_u02_rectangle_square_side_lengths,14,DIVERSE_PARAMETER_GENERATOR,10,CAPACITY_BELOW_20,,true,true
pgc_r03_g5a_u02_5a02_application_230c8ecf849e,g5a_u02_5a02,singleKnowledgePoint,kp_g5a_u02_square_tile_area_possibilities,application,single-form,pg_g5a_u02_square_tile_areas,ps_g5a_u02_square_tile_area_possibilities,14,DIVERSE_PARAMETER_GENERATOR,10,CAPACITY_BELOW_20,,true,true
pgc_r03_g5a_u02_5a02_application_af9b08e133c0,g5a_u02_5a02,singleKnowledgePoint,kp_g5a_u02_square_tile_area_possibilities,application,single-form,pg_g5a_u02_square_tile_areas,ps_g5a_u02_square_tile_area_possibilities,14,DIVERSE_PARAMETER_GENERATOR,10,CAPACITY_BELOW_20,,true,true
pgc_r03_g5a_u02_5a02_application_0cfbb71f3f95,g5a_u02_5a02,singleKnowledgePoint,kp_g5a_u02_square_tile_area_possibilities,application,single-form,pg_g5a_u02_square_tile_areas,ps_g5a_u02_square_tile_area_possibilities,14,DIVERSE_PARAMETER_GENERATOR,10,CAPACITY_BELOW_20,,true,true
pgc_r03_g5a_u02_5a02_application_c00dafaf2eb5,g5a_u02_5a02,singleKnowledgePoint,kp_g5a_u02_square_tile_area_possibilities,application,single-form,pg_g5a_u02_square_tile_areas,ps_g5a_u02_square_tile_area_possibilities,14,DIVERSE_PARAMETER_GENERATOR,10,CAPACITY_BELOW_20,,true,true
pgc_r03_g5a_u02_5a02_application_a51b364b09f1,g5a_u02_5a02,mixedKnowledgePointsSameUnit,kp_g5a_u02_factor_criterion_multiplication_division_equivalence|kp_g5a_u02_factor_enumeration_by_division|kp_g5a_u02_factor_enumeration_by_multiplication_pairs|kp_g5a_u02_factor_pair_order_and_symmetry|kp_g5a_u02_missing_factor_reconstruction|kp_g5a_u02_divisibility_factor_membership_judgement|kp_g5a_u02_equal_partition_factor_application|kp_g5a_u02_number_theory_problem_type_discrimination|kp_g5a_u02_inverse_reasoning_from_complete_factor_list|kp_g5a_u02_remainder_transfer_under_divisor_relation|kp_g5a_u02_common_factor_concept|kp_g5a_u02_common_factor_enumeration|kp_g5a_u02_greatest_common_factor|kp_g5a_u02_maximum_equal_grouping_gcf_application|kp_g5a_u02_possible_equal_packaging_common_factor_application|kp_g5a_u02_rectangle_equal_square_side_lengths|kp_g5a_u02_square_tile_area_possibilities|kp_g5a_u02_multi_constraint_digit_code_number_theory,application,mixed-all,pg_g5a_u02_equal_partition_application|pg_g5a_u02_remainder_transfer|pg_g5a_u02_maximum_equal_grouping|pg_g5a_u02_possible_equal_packaging|pg_g5a_u02_rectangle_square_sides|pg_g5a_u02_square_tile_areas|pg_g5a_u02_multi_constraint_digit_code,ps_g5a_u02_equal_partition_all_segment_counts|ps_g5a_u02_equal_partition_range_constrained_recipients|ps_g5a_u02_remainder_transfer|ps_g5a_u02_maximum_equal_grouping|ps_g5a_u02_possible_equal_packaging_counts|ps_g5a_u02_rectangle_square_side_lengths|ps_g5a_u02_square_tile_area_possibilities|ps_g5a_u02_multi_constraint_digit_code,20,DIVERSE_PARAMETER_GENERATOR,10,,,true,false
pgc_r03_g5a_u02_5a02_application_bc48afaa90f5,g5a_u02_5a02,mixedKnowledgePointsSameUnit,kp_g5a_u02_factor_criterion_multiplication_division_equivalence|kp_g5a_u02_factor_enumeration_by_division|kp_g5a_u02_factor_enumeration_by_multiplication_pairs|kp_g5a_u02_factor_pair_order_and_symmetry|kp_g5a_u02_missing_factor_reconstruction|kp_g5a_u02_divisibility_factor_membership_judgement|kp_g5a_u02_equal_partition_factor_application|kp_g5a_u02_number_theory_problem_type_discrimination|kp_g5a_u02_inverse_reasoning_from_complete_factor_list|kp_g5a_u02_remainder_transfer_under_divisor_relation|kp_g5a_u02_common_factor_concept|kp_g5a_u02_common_factor_enumeration|kp_g5a_u02_greatest_common_factor|kp_g5a_u02_maximum_equal_grouping_gcf_application|kp_g5a_u02_possible_equal_packaging_common_factor_application|kp_g5a_u02_rectangle_equal_square_side_lengths|kp_g5a_u02_square_tile_area_possibilities|kp_g5a_u02_multi_constraint_digit_code_number_theory,application,mixed-all,pg_g5a_u02_equal_partition_application|pg_g5a_u02_remainder_transfer|pg_g5a_u02_maximum_equal_grouping|pg_g5a_u02_possible_equal_packaging|pg_g5a_u02_rectangle_square_sides|pg_g5a_u02_square_tile_areas|pg_g5a_u02_multi_constraint_digit_code,ps_g5a_u02_equal_partition_all_segment_counts|ps_g5a_u02_equal_partition_range_constrained_recipients|ps_g5a_u02_remainder_transfer|ps_g5a_u02_maximum_equal_grouping|ps_g5a_u02_possible_equal_packaging_counts|ps_g5a_u02_rectangle_square_side_lengths|ps_g5a_u02_square_tile_area_possibilities|ps_g5a_u02_multi_constraint_digit_code,16,DIVERSE_PARAMETER_GENERATOR,10,CAPACITY_BELOW_20,DUPLICATE_PROMPT,false,true
pgc_r03_g5a_u02_5a02_application_30aeb6686483,g5a_u02_5a02,mixedKnowledgePointsSameUnit,kp_g5a_u02_factor_criterion_multiplication_division_equivalence|kp_g5a_u02_factor_enumeration_by_division|kp_g5a_u02_factor_enumeration_by_multiplication_pairs|kp_g5a_u02_factor_pair_order_and_symmetry|kp_g5a_u02_missing_factor_reconstruction|kp_g5a_u02_divisibility_factor_membership_judgement|kp_g5a_u02_equal_partition_factor_application|kp_g5a_u02_number_theory_problem_type_discrimination|kp_g5a_u02_inverse_reasoning_from_complete_factor_list|kp_g5a_u02_remainder_transfer_under_divisor_relation|kp_g5a_u02_common_factor_concept|kp_g5a_u02_common_factor_enumeration|kp_g5a_u02_greatest_common_factor|kp_g5a_u02_maximum_equal_grouping_gcf_application|kp_g5a_u02_possible_equal_packaging_common_factor_application|kp_g5a_u02_rectangle_equal_square_side_lengths|kp_g5a_u02_square_tile_area_possibilities|kp_g5a_u02_multi_constraint_digit_code_number_theory,application,mixed-all,pg_g5a_u02_equal_partition_application|pg_g5a_u02_remainder_transfer|pg_g5a_u02_maximum_equal_grouping|pg_g5a_u02_possible_equal_packaging|pg_g5a_u02_rectangle_square_sides|pg_g5a_u02_square_tile_areas|pg_g5a_u02_multi_constraint_digit_code,ps_g5a_u02_equal_partition_all_segment_counts|ps_g5a_u02_equal_partition_range_constrained_recipients|ps_g5a_u02_remainder_transfer|ps_g5a_u02_maximum_equal_grouping|ps_g5a_u02_possible_equal_packaging_counts|ps_g5a_u02_rectangle_square_side_lengths|ps_g5a_u02_square_tile_area_possibilities|ps_g5a_u02_multi_constraint_digit_code,14,DIVERSE_PARAMETER_GENERATOR,10,CAPACITY_BELOW_20,,true,true
pgc_r03_g5a_u02_5a02_application_bf4951ab578f,g5a_u02_5a02,mixedKnowledgePointsSameUnit,kp_g5a_u02_factor_criterion_multiplication_division_equivalence|kp_g5a_u02_factor_enumeration_by_division|kp_g5a_u02_factor_enumeration_by_multiplication_pairs|kp_g5a_u02_factor_pair_order_and_symmetry|kp_g5a_u02_missing_factor_reconstruction|kp_g5a_u02_divisibility_factor_membership_judgement|kp_g5a_u02_equal_partition_factor_application|kp_g5a_u02_number_theory_problem_type_discrimination|kp_g5a_u02_inverse_reasoning_from_complete_factor_list|kp_g5a_u02_remainder_transfer_under_divisor_relation|kp_g5a_u02_common_factor_concept|kp_g5a_u02_common_factor_enumeration|kp_g5a_u02_greatest_common_factor|kp_g5a_u02_maximum_equal_grouping_gcf_application|kp_g5a_u02_possible_equal_packaging_common_factor_application|kp_g5a_u02_rectangle_equal_square_side_lengths|kp_g5a_u02_square_tile_area_possibilities|kp_g5a_u02_multi_constraint_digit_code_number_theory,application,mixed-all,pg_g5a_u02_equal_partition_application|pg_g5a_u02_remainder_transfer|pg_g5a_u02_maximum_equal_grouping|pg_g5a_u02_possible_equal_packaging|pg_g5a_u02_rectangle_square_sides|pg_g5a_u02_square_tile_areas|pg_g5a_u02_multi_constraint_digit_code,ps_g5a_u02_equal_partition_all_segment_counts|ps_g5a_u02_equal_partition_range_constrained_recipients|ps_g5a_u02_remainder_transfer|ps_g5a_u02_maximum_equal_grouping|ps_g5a_u02_possible_equal_packaging_counts|ps_g5a_u02_rectangle_square_side_lengths|ps_g5a_u02_square_tile_area_possibilities|ps_g5a_u02_multi_constraint_digit_code,9,DIVERSE_PARAMETER_GENERATOR,10,CAPACITY_BELOW_20,DUPLICATE_PROMPT,false,true
pgc_r03_g5a_u02_5a02_application_6245f0f37bb5,g5a_u02_5a02,mixedKnowledgePointsSameUnit,kp_g5a_u02_factor_criterion_multiplication_division_equivalence|kp_g5a_u02_factor_enumeration_by_division|kp_g5a_u02_factor_enumeration_by_multiplication_pairs|kp_g5a_u02_factor_pair_order_and_symmetry|kp_g5a_u02_missing_factor_reconstruction|kp_g5a_u02_divisibility_factor_membership_judgement|kp_g5a_u02_equal_partition_factor_application|kp_g5a_u02_number_theory_problem_type_discrimination|kp_g5a_u02_inverse_reasoning_from_complete_factor_list|kp_g5a_u02_remainder_transfer_under_divisor_relation|kp_g5a_u02_common_factor_concept|kp_g5a_u02_common_factor_enumeration|kp_g5a_u02_greatest_common_factor|kp_g5a_u02_maximum_equal_grouping_gcf_application|kp_g5a_u02_possible_equal_packaging_common_factor_application|kp_g5a_u02_rectangle_equal_square_side_lengths|kp_g5a_u02_square_tile_area_possibilities|kp_g5a_u02_multi_constraint_digit_code_number_theory,application,mixed-all,pg_g5a_u02_equal_partition_application|pg_g5a_u02_remainder_transfer|pg_g5a_u02_maximum_equal_grouping|pg_g5a_u02_possible_equal_packaging|pg_g5a_u02_rectangle_square_sides|pg_g5a_u02_square_tile_areas|pg_g5a_u02_multi_constraint_digit_code,ps_g5a_u02_equal_partition_all_segment_counts|ps_g5a_u02_equal_partition_range_constrained_recipients|ps_g5a_u02_remainder_transfer|ps_g5a_u02_maximum_equal_grouping|ps_g5a_u02_possible_equal_packaging_counts|ps_g5a_u02_rectangle_square_side_lengths|ps_g5a_u02_square_tile_area_possibilities|ps_g5a_u02_multi_constraint_digit_code,14,DIVERSE_PARAMETER_GENERATOR,10,CAPACITY_BELOW_20,DUPLICATE_PROMPT,false,true
pgc_r03_g5a_u02_5a02_application_8fa9f5184932,g5a_u02_5a02,mixedKnowledgePointsSameUnit,kp_g5a_u02_factor_criterion_multiplication_division_equivalence|kp_g5a_u02_factor_enumeration_by_division|kp_g5a_u02_factor_enumeration_by_multiplication_pairs|kp_g5a_u02_factor_pair_order_and_symmetry|kp_g5a_u02_missing_factor_reconstruction|kp_g5a_u02_divisibility_factor_membership_judgement|kp_g5a_u02_equal_partition_factor_application|kp_g5a_u02_number_theory_problem_type_discrimination|kp_g5a_u02_inverse_reasoning_from_complete_factor_list|kp_g5a_u02_remainder_transfer_under_divisor_relation|kp_g5a_u02_common_factor_concept|kp_g5a_u02_common_factor_enumeration|kp_g5a_u02_greatest_common_factor|kp_g5a_u02_maximum_equal_grouping_gcf_application|kp_g5a_u02_possible_equal_packaging_common_factor_application|kp_g5a_u02_rectangle_equal_square_side_lengths|kp_g5a_u02_square_tile_area_possibilities|kp_g5a_u02_multi_constraint_digit_code_number_theory,application,mixed-all,pg_g5a_u02_equal_partition_application|pg_g5a_u02_remainder_transfer|pg_g5a_u02_maximum_equal_grouping|pg_g5a_u02_possible_equal_packaging|pg_g5a_u02_rectangle_square_sides|pg_g5a_u02_square_tile_areas|pg_g5a_u02_multi_constraint_digit_code,ps_g5a_u02_equal_partition_all_segment_counts|ps_g5a_u02_equal_partition_range_constrained_recipients|ps_g5a_u02_remainder_transfer|ps_g5a_u02_maximum_equal_grouping|ps_g5a_u02_possible_equal_packaging_counts|ps_g5a_u02_rectangle_square_side_lengths|ps_g5a_u02_square_tile_area_possibilities|ps_g5a_u02_multi_constraint_digit_code,14,DIVERSE_PARAMETER_GENERATOR,10,CAPACITY_BELOW_20,,true,true
pgc_r03_g5a_u02_5a02_application_2dbacc7cea7a,g5a_u02_5a02,mixedKnowledgePointsSameUnit,kp_g5a_u02_factor_criterion_multiplication_division_equivalence|kp_g5a_u02_factor_enumeration_by_division|kp_g5a_u02_factor_enumeration_by_multiplication_pairs|kp_g5a_u02_factor_pair_order_and_symmetry|kp_g5a_u02_missing_factor_reconstruction|kp_g5a_u02_divisibility_factor_membership_judgement|kp_g5a_u02_equal_partition_factor_application|kp_g5a_u02_number_theory_problem_type_discrimination|kp_g5a_u02_inverse_reasoning_from_complete_factor_list|kp_g5a_u02_remainder_transfer_under_divisor_relation|kp_g5a_u02_common_factor_concept|kp_g5a_u02_common_factor_enumeration|kp_g5a_u02_greatest_common_factor|kp_g5a_u02_maximum_equal_grouping_gcf_application|kp_g5a_u02_possible_equal_packaging_common_factor_application|kp_g5a_u02_rectangle_equal_square_side_lengths|kp_g5a_u02_square_tile_area_possibilities|kp_g5a_u02_multi_constraint_digit_code_number_theory,application,mixed-all,pg_g5a_u02_equal_partition_application|pg_g5a_u02_remainder_transfer|pg_g5a_u02_maximum_equal_grouping|pg_g5a_u02_possible_equal_packaging|pg_g5a_u02_rectangle_square_sides|pg_g5a_u02_square_tile_areas|pg_g5a_u02_multi_constraint_digit_code,ps_g5a_u02_equal_partition_all_segment_counts|ps_g5a_u02_equal_partition_range_constrained_recipients|ps_g5a_u02_remainder_transfer|ps_g5a_u02_maximum_equal_grouping|ps_g5a_u02_possible_equal_packaging_counts|ps_g5a_u02_rectangle_square_side_lengths|ps_g5a_u02_square_tile_area_possibilities|ps_g5a_u02_multi_constraint_digit_code,9,DIVERSE_PARAMETER_GENERATOR,10,CAPACITY_BELOW_20,DUPLICATE_PROMPT,false,true
pgc_r03_g5a_u02_5a02_application_3c391854287a,g5a_u02_5a02,mixedKnowledgePointsSameUnit,kp_g5a_u02_factor_criterion_multiplication_division_equivalence|kp_g5a_u02_factor_enumeration_by_division|kp_g5a_u02_factor_enumeration_by_multiplication_pairs|kp_g5a_u02_factor_pair_order_and_symmetry|kp_g5a_u02_missing_factor_reconstruction|kp_g5a_u02_divisibility_factor_membership_judgement|kp_g5a_u02_equal_partition_factor_application|kp_g5a_u02_number_theory_problem_type_discrimination|kp_g5a_u02_inverse_reasoning_from_complete_factor_list|kp_g5a_u02_remainder_transfer_under_divisor_relation|kp_g5a_u02_common_factor_concept|kp_g5a_u02_common_factor_enumeration|kp_g5a_u02_greatest_common_factor|kp_g5a_u02_maximum_equal_grouping_gcf_application|kp_g5a_u02_possible_equal_packaging_common_factor_application|kp_g5a_u02_rectangle_equal_square_side_lengths|kp_g5a_u02_square_tile_area_possibilities|kp_g5a_u02_multi_constraint_digit_code_number_theory,application,mixed-all,pg_g5a_u02_equal_partition_application|pg_g5a_u02_remainder_transfer|pg_g5a_u02_maximum_equal_grouping|pg_g5a_u02_possible_equal_packaging|pg_g5a_u02_rectangle_square_sides|pg_g5a_u02_square_tile_areas|pg_g5a_u02_multi_constraint_digit_code,ps_g5a_u02_equal_partition_all_segment_counts|ps_g5a_u02_equal_partition_range_constrained_recipients|ps_g5a_u02_remainder_transfer|ps_g5a_u02_maximum_equal_grouping|ps_g5a_u02_possible_equal_packaging_counts|ps_g5a_u02_rectangle_square_side_lengths|ps_g5a_u02_square_tile_area_possibilities|ps_g5a_u02_multi_constraint_digit_code,14,DIVERSE_PARAMETER_GENERATOR,10,CAPACITY_BELOW_20,DUPLICATE_PROMPT,false,true
pgc_r03_g5a_u02_5a02_application_cbf6af6a6097,g5a_u02_5a02,mixedKnowledgePointsSameUnit,kp_g5a_u02_factor_criterion_multiplication_division_equivalence|kp_g5a_u02_factor_enumeration_by_division|kp_g5a_u02_factor_enumeration_by_multiplication_pairs|kp_g5a_u02_factor_pair_order_and_symmetry|kp_g5a_u02_missing_factor_reconstruction|kp_g5a_u02_divisibility_factor_membership_judgement|kp_g5a_u02_equal_partition_factor_application|kp_g5a_u02_number_theory_problem_type_discrimination|kp_g5a_u02_inverse_reasoning_from_complete_factor_list|kp_g5a_u02_remainder_transfer_under_divisor_relation|kp_g5a_u02_common_factor_concept|kp_g5a_u02_common_factor_enumeration|kp_g5a_u02_greatest_common_factor|kp_g5a_u02_maximum_equal_grouping_gcf_application|kp_g5a_u02_possible_equal_packaging_common_factor_application|kp_g5a_u02_rectangle_equal_square_side_lengths|kp_g5a_u02_square_tile_area_possibilities|kp_g5a_u02_multi_constraint_digit_code_number_theory,application,mixed-all,pg_g5a_u02_equal_partition_application|pg_g5a_u02_remainder_transfer|pg_g5a_u02_maximum_equal_grouping|pg_g5a_u02_possible_equal_packaging|pg_g5a_u02_rectangle_square_sides|pg_g5a_u02_square_tile_areas|pg_g5a_u02_multi_constraint_digit_code,ps_g5a_u02_equal_partition_all_segment_counts|ps_g5a_u02_equal_partition_range_constrained_recipients|ps_g5a_u02_remainder_transfer|ps_g5a_u02_maximum_equal_grouping|ps_g5a_u02_possible_equal_packaging_counts|ps_g5a_u02_rectangle_square_side_lengths|ps_g5a_u02_square_tile_area_possibilities|ps_g5a_u02_multi_constraint_digit_code,14,DIVERSE_PARAMETER_GENERATOR,10,CAPACITY_BELOW_20,,true,true
pgc_r03_g5b_u05_5b05a_application_03db26c68c16,g5b_u05_5b05a,sourceUnit,,application,source-unit,,ps_g5b_u05a_large_number_digit_value|ps_g5b_u05a_large_number_to_chinese|ps_g5b_u05a_multiply_power_of_ten|ps_g5b_u05a_large_number_expanded_form,20,DIVERSE_PARAMETER_GENERATOR,10,,,true,false
pgc_r03_g5b_u05_5b05a_application_039fc5dac903,g5b_u05_5b05a,singleKnowledgePoint,kp_g5b_u05a_large_number_place_value_extension,application,single-form,p01e_app_pg_g5b_u05_digit_value,ps_g5b_u05a_large_number_digit_value,20,DIVERSE_PARAMETER_GENERATOR,10,,,true,false
pgc_r03_g5b_u05_5b05a_application_4f17da8cc550,g5b_u05_5b05a,singleKnowledgePoint,kp_g5b_u05a_large_number_read_write,application,single-form,p01e_app_pg_g5b_u05_read_write,ps_g5b_u05a_large_number_to_chinese,20,DIVERSE_PARAMETER_GENERATOR,10,,,true,false
pgc_r03_g5b_u05_5b05a_application_eb46912e7caa,g5b_u05_5b05a,singleKnowledgePoint,kp_g5b_u05a_power_of_ten_scaling,application,single-form,p01e_app_pg_g5b_u05_power_ten,ps_g5b_u05a_multiply_power_of_ten,20,DIVERSE_PARAMETER_GENERATOR,10,,,true,false
pgc_r03_g5b_u05_5b05a_application_025fc4b662c0,g5b_u05_5b05a,singleKnowledgePoint,kp_g5b_u05a_large_number_decompose_compare,application,single-form,p01e_app_pg_g5b_u05_decompose,ps_g5b_u05a_large_number_expanded_form,20,DIVERSE_PARAMETER_GENERATOR,10,,,true,false
pgc_r03_g5b_u05_5b05a_application_a8814e06fc65,g5b_u05_5b05a,mixedKnowledgePointsSameUnit,kp_g5b_u05a_large_number_place_value_extension|kp_g5b_u05a_large_number_read_write|kp_g5b_u05a_power_of_ten_scaling|kp_g5b_u05a_large_number_decompose_compare,application,mixed-all,p01e_app_pg_g5b_u05_digit_value|p01e_app_pg_g5b_u05_read_write|p01e_app_pg_g5b_u05_power_ten|p01e_app_pg_g5b_u05_decompose,ps_g5b_u05a_large_number_digit_value|ps_g5b_u05a_large_number_to_chinese|ps_g5b_u05a_multiply_power_of_ten|ps_g5b_u05a_large_number_expanded_form,20,DIVERSE_PARAMETER_GENERATOR,10,,,true,false
pgc_r03_g5a_u03_5a03a_application_8e50bd802931,g5a_u03_5a03a,sourceUnit,,application,source-unit,,ps_g5a_u03a_exact_grouping_yes_no|ps_g5a_u03a_enumerate_first_multiples|ps_g5a_u03a_list_multiples_in_interval|ps_g5a_u03a_count_multiples_in_interval,20,DIVERSE_PARAMETER_GENERATOR,10,,,true,false
pgc_r03_g5a_u03_5a03a_application_e4c7257d9b90,g5a_u03_5a03a,singleKnowledgePoint,kp_g5a_u03a_exact_grouping_feasibility,application,single-form,p01e_app_pg_g5a_u03_exact_grouping,ps_g5a_u03a_exact_grouping_yes_no,20,DIVERSE_PARAMETER_GENERATOR,10,,,true,false
pgc_r03_g5a_u03_5a03a_application_dd8c2f7468ec,g5a_u03_5a03a,singleKnowledgePoint,kp_g5a_u03a_multiple_identify_enumerate,application,single-form,p01e_app_pg_g5a_u03_enumerate_multiples,ps_g5a_u03a_enumerate_first_multiples,5,DIVERSE_PARAMETER_GENERATOR,10,CAPACITY_BELOW_20,DUPLICATE_PROMPT,false,true
pgc_r03_g5a_u03_5a03a_application_b57f5503d810,g5a_u03_5a03a,singleKnowledgePoint,kp_g5a_u03a_bounded_or_nearest_multiple,application,single-form,p01e_app_pg_g5a_u03_bounded_multiple,ps_g5a_u03a_list_multiples_in_interval,20,DIVERSE_PARAMETER_GENERATOR,10,,,true,false
pgc_r03_g5a_u03_5a03a_application_ed676e55b407,g5a_u03_5a03a,singleKnowledgePoint,kp_g5a_u03a_count_multiples_interval,application,single-form,p01e_app_pg_g5a_u03_count_interval,ps_g5a_u03a_count_multiples_in_interval,20,DIVERSE_PARAMETER_GENERATOR,10,,,true,false
pgc_r03_g5a_u03_5a03a_application_3da6082c4117,g5a_u03_5a03a,mixedKnowledgePointsSameUnit,kp_g5a_u03a_factor_multiple_relation|kp_g5a_u03a_divisibility_rules|kp_g5a_u03a_exact_grouping_feasibility|kp_g5a_u03a_multiple_identify_enumerate|kp_g5a_u03a_bounded_or_nearest_multiple|kp_g5a_u03a_count_multiples_interval|kp_g5a_u03a_divisor_multiple_classification,application,mixed-all,p01e_app_pg_g5a_u03_exact_grouping|p01e_app_pg_g5a_u03_enumerate_multiples|p01e_app_pg_g5a_u03_bounded_multiple|p01e_app_pg_g5a_u03_count_interval,ps_g5a_u03a_exact_grouping_yes_no|ps_g5a_u03a_enumerate_first_multiples|ps_g5a_u03a_list_multiples_in_interval|ps_g5a_u03a_count_multiples_in_interval,20,DIVERSE_PARAMETER_GENERATOR,10,,,true,false
pgc_r03_g5a_u03_5a03a1_application_846f11d0e878,g5a_u03_5a03a1,sourceUnit,,application,source-unit,,ps_g5a_u03a1_lcm_direct|ps_g5a_u03a1_bounded_common_multiples|ps_g5a_u03a1_minimum_common_group_total,9,DIVERSE_PARAMETER_GENERATOR,10,CAPACITY_BELOW_20,,true,true
pgc_r03_g5a_u03_5a03a1_application_9fb2ddb5d3e9,g5a_u03_5a03a1,singleKnowledgePoint,kp_g5a_u03a1_common_multiple_lcm,application,single-form,p01e_app_pg_g5a_u03a1_lcm,ps_g5a_u03a1_lcm_direct,3,DIVERSE_PARAMETER_GENERATOR,10,CAPACITY_BELOW_20,,true,true
pgc_r03_g5a_u03_5a03a1_application_cce577683694,g5a_u03_5a03a1,singleKnowledgePoint,kp_g5a_u03a1_bounded_common_multiples,application,single-form,p01e_app_pg_g5a_u03a1_bounded,ps_g5a_u03a1_bounded_common_multiples,20,DIVERSE_PARAMETER_GENERATOR,10,,,true,false
pgc_r03_g5a_u03_5a03a1_application_2d07bbe9e119,g5a_u03_5a03a1,singleKnowledgePoint,kp_g5a_u03a1_grouping_constraints,application,single-form,p01e_app_pg_g5a_u03a1_grouping,ps_g5a_u03a1_minimum_common_group_total,3,DIVERSE_PARAMETER_GENERATOR,10,CAPACITY_BELOW_20,,true,true
pgc_r03_g5a_u03_5a03a1_application_1676399731c4,g5a_u03_5a03a1,mixedKnowledgePointsSameUnit,kp_g5a_u03a1_common_multiple_lcm|kp_g5a_u03a1_bounded_common_multiples|kp_g5a_u03a1_factor_multiple_language|kp_g5a_u03a1_grouping_constraints|kp_g5a_u03a1_number_constraint_construction,application,mixed-all,p01e_app_pg_g5a_u03a1_lcm|p01e_app_pg_g5a_u03a1_bounded|p01e_app_pg_g5a_u03a1_grouping,ps_g5a_u03a1_lcm_direct|ps_g5a_u03a1_bounded_common_multiples|ps_g5a_u03a1_minimum_common_group_total,9,DIVERSE_PARAMETER_GENERATOR,10,CAPACITY_BELOW_20,,true,true
pgc_r03_g6a_u01_6a01_application_5de2292dab94,g6a_u01_6a01,sourceUnit,,application,source-unit,,ps_g6a_u01_gcf_direct|ps_g6a_u01_lcm_direct,9,DIVERSE_PARAMETER_GENERATOR,10,CAPACITY_BELOW_20,,true,true
pgc_r03_g6a_u01_6a01_application_6495f2f285e8,g6a_u01_6a01,singleKnowledgePoint,kp_g6a_u01_greatest_common_factor,application,single-form,p01e_app_pg_g6a_u01_gcf,ps_g6a_u01_gcf_direct,14,DIVERSE_PARAMETER_GENERATOR,10,CAPACITY_BELOW_20,,true,true
pgc_r03_g6a_u01_6a01_application_4a04b80c1628,g6a_u01_6a01,singleKnowledgePoint,kp_g6a_u01_least_common_multiple,application,single-form,p01e_app_pg_g6a_u01_lcm,ps_g6a_u01_lcm_direct,5,DIVERSE_PARAMETER_GENERATOR,10,CAPACITY_BELOW_20,,true,true
pgc_r03_g6a_u01_6a01_application_3319cf21ddf0,g6a_u01_6a01,mixedKnowledgePointsSameUnit,kp_g6a_u01_prime_composite_classification|kp_g6a_u01_prime_factorization|kp_g6a_u01_short_division_common_factors|kp_g6a_u01_greatest_common_factor|kp_g6a_u01_least_common_multiple,application,mixed-all,p01e_app_pg_g6a_u01_gcf|p01e_app_pg_g6a_u01_lcm,ps_g6a_u01_gcf_direct|ps_g6a_u01_lcm_direct,9,DIVERSE_PARAMETER_GENERATOR,10,CAPACITY_BELOW_20,,true,true
pgc_r03_g3a_u08_3a08_application_585b4e8fdd0c,g3a_u08_3a08,sourceUnit,,application,source-unit,,ps_g3a_u08_unit_fraction_accumulation_fraction_application|ps_g3a_u08_discrete_set_fraction_item_count_application|ps_g3a_u08_discrete_set_fraction_fractional_units_application|ps_g3a_u08_same_denominator_compare_comparison_application,6,FIXTURE_SELECTOR,1,CAPACITY_BELOW_20|FIXTURE_SELECTOR|NON_DIVERSE_QUALITY_STATUS,DUPLICATE_PROMPT,false,true
pgc_r03_g3a_u08_3a08_application_6a5ba7c30adf,g3a_u08_3a08,singleKnowledgePoint,kp_g3a_u08_unit_fraction_accumulation,application,single-form,pg_g3a_u08_unit_fraction_accumulation_application,ps_g3a_u08_unit_fraction_accumulation_fraction_application,11,FIXTURE_SELECTOR,1,CAPACITY_BELOW_20|FIXTURE_SELECTOR|NON_DIVERSE_QUALITY_STATUS,BUILD_NOT_OK|QUESTION_COUNT_MISMATCH|ANSWER_COUNT_MISMATCH|RUNTIME_ERRORS_PRESENT,false,true
pgc_r03_g3a_u08_3a08_application_b6227980ed37,g3a_u08_3a08,singleKnowledgePoint,kp_g3a_u08_discrete_set_fraction,application,single-form,pg_g3a_u08_discrete_set_fraction_application,ps_g3a_u08_discrete_set_fraction_item_count_application|ps_g3a_u08_discrete_set_fraction_fractional_units_application,20,DIVERSE_PARAMETER_GENERATOR,10,,,true,false
pgc_r03_g3a_u08_3a08_application_30b2104b3163,g3a_u08_3a08,singleKnowledgePoint,kp_g3a_u08_same_denominator_compare,application,single-form,pg_g3a_u08_same_denominator_compare_application,ps_g3a_u08_same_denominator_compare_comparison_application,6,FIXTURE_SELECTOR,1,CAPACITY_BELOW_20|FIXTURE_SELECTOR|NON_DIVERSE_QUALITY_STATUS,DUPLICATE_PROMPT,false,true
pgc_r03_g3a_u08_3a08_application_cf0f1f1913a2,g3a_u08_3a08,mixedKnowledgePointsSameUnit,kp_g3a_u08_part_whole_fraction|kp_g3a_u08_unit_fraction_accumulation|kp_g3a_u08_discrete_set_fraction|kp_g3a_u08_same_denominator_compare,application,mixed-all,pg_g3a_u08_unit_fraction_accumulation_application|pg_g3a_u08_discrete_set_fraction_application|pg_g3a_u08_same_denominator_compare_application,ps_g3a_u08_unit_fraction_accumulation_fraction_application|ps_g3a_u08_discrete_set_fraction_item_count_application|ps_g3a_u08_discrete_set_fraction_fractional_units_application|ps_g3a_u08_same_denominator_compare_comparison_application,6,FIXTURE_SELECTOR,1,CAPACITY_BELOW_20|FIXTURE_SELECTOR|NON_DIVERSE_QUALITY_STATUS,DUPLICATE_PROMPT,false,true
pgc_r03_g3b_u07_3b07_application_b8e39c886c50,g3b_u07_3b07,sourceUnit,,application,source-unit,,ps_g3b_u07_fraction_unit_conversion_item_count_application|ps_g3b_u07_fraction_unit_conversion_fractional_units_application,6,FIXTURE_SELECTOR,1,CAPACITY_BELOW_20|FIXTURE_SELECTOR|NON_DIVERSE_QUALITY_STATUS,DUPLICATE_PROMPT,false,true
pgc_r03_g3b_u07_3b07_application_c642e7267e60,g3b_u07_3b07,singleKnowledgePoint,kp_g3b_u07_fraction_unit_conversion,application,single-form,pg_g3b_u07_fraction_unit_conversion_application,ps_g3b_u07_fraction_unit_conversion_item_count_application|ps_g3b_u07_fraction_unit_conversion_fractional_units_application,6,FIXTURE_SELECTOR,1,CAPACITY_BELOW_20|FIXTURE_SELECTOR|NON_DIVERSE_QUALITY_STATUS,DUPLICATE_PROMPT,false,true
pgc_r03_g3b_u07_3b07_application_cc1c7d44244c,g3b_u07_3b07,mixedKnowledgePointsSameUnit,kp_g3b_u07_quotient_as_fraction|kp_g3b_u07_fraction_unit_conversion,application,mixed-all,pg_g3b_u07_fraction_unit_conversion_application,ps_g3b_u07_fraction_unit_conversion_item_count_application|ps_g3b_u07_fraction_unit_conversion_fractional_units_application,6,FIXTURE_SELECTOR,1,CAPACITY_BELOW_20|FIXTURE_SELECTOR|NON_DIVERSE_QUALITY_STATUS,DUPLICATE_PROMPT,false,true
pgc_r03_g4b_u06_4b06_application_243390fad850,g4b_u06_4b06,sourceUnit,,application,source-unit,,ps_g4b_u06_one_decimal_times_integer_product_application,8,FIXTURE_SELECTOR,1,CAPACITY_BELOW_20|FIXTURE_SELECTOR|NON_DIVERSE_QUALITY_STATUS,BUILD_NOT_OK|QUESTION_COUNT_MISMATCH|ANSWER_COUNT_MISMATCH|RUNTIME_ERRORS_PRESENT,false,true
pgc_r03_g4b_u06_4b06_application_19f9fc46c516,g4b_u06_4b06,singleKnowledgePoint,kp_g4b_u06_one_decimal_times_integer,application,single-form,pg_g4b_u06_one_decimal_times_integer_application,ps_g4b_u06_one_decimal_times_integer_product_application,8,FIXTURE_SELECTOR,1,CAPACITY_BELOW_20|FIXTURE_SELECTOR|NON_DIVERSE_QUALITY_STATUS,BUILD_NOT_OK|QUESTION_COUNT_MISMATCH|ANSWER_COUNT_MISMATCH|RUNTIME_ERRORS_PRESENT,false,true
pgc_r03_g5a_u04_5a04_application_65896cc9040b,g5a_u04_5a04,sourceUnit,,application,source-unit,,ps_g5a_u04_quotient_as_fraction_context_share_per_recipient_application,6,BOUNDED_DIVERSITY,6,CAPACITY_BELOW_20|BOUNDED_DIVERSITY|NON_DIVERSE_QUALITY_STATUS,BUILD_NOT_OK|QUESTION_COUNT_MISMATCH|ANSWER_COUNT_MISMATCH|RUNTIME_ERRORS_PRESENT,false,true
pgc_r03_g5a_u04_5a04_application_2048c4ff7f60,g5a_u04_5a04,singleKnowledgePoint,kp_g5a_u04_quotient_as_fraction_context,application,single-form,pg_g5a_u04_quotient_as_fraction_context_application,ps_g5a_u04_quotient_as_fraction_context_share_per_recipient_application,6,BOUNDED_DIVERSITY,6,CAPACITY_BELOW_20|BOUNDED_DIVERSITY|NON_DIVERSE_QUALITY_STATUS,BUILD_NOT_OK|QUESTION_COUNT_MISMATCH|ANSWER_COUNT_MISMATCH|RUNTIME_ERRORS_PRESENT,false,true
pgc_r03_g5a_u04_5a04_application_4bb5fbe70448,g5a_u04_5a04,mixedKnowledgePointsSameUnit,kp_g5a_u04_expand_reduce_simplest|kp_g5a_u04_quotient_as_fraction_context,application,mixed-all,pg_g5a_u04_quotient_as_fraction_context_application,ps_g5a_u04_quotient_as_fraction_context_share_per_recipient_application,6,BOUNDED_DIVERSITY,6,CAPACITY_BELOW_20|BOUNDED_DIVERSITY|NON_DIVERSE_QUALITY_STATUS,BUILD_NOT_OK|QUESTION_COUNT_MISMATCH|ANSWER_COUNT_MISMATCH|RUNTIME_ERRORS_PRESENT,false,true
