routeId,sourceId,questionType,verifiedMaxQuestionCount,qualityStatus,uniqueItemSetCount,uniqueOrderedWorksheetCount,crossSeedDiversityPassed
pgc_r03_g3a_u01_3a01_numeric_4315f57977d2,g3a_u01_3a01,numeric,20,DIVERSE_PARAMETER_GENERATOR,10,10,true
pgc_r03_g3a_u01_3a01_application_235abe098270,g3a_u01_3a01,application,20,DIVERSE_PARAMETER_GENERATOR,10,10,true
pgc_r03_g3a_u01_3a01_numeric_dd4aa27f205f,g3a_u01_3a01,numeric,20,DIVERSE_PARAMETER_GENERATOR,10,10,true
pgc_r03_g3a_u01_3a01_application_a8acc3289cbe,g3a_u01_3a01,application,20,DIVERSE_PARAMETER_GENERATOR,10,10,true
pgc_r03_g3a_u01_3a01_numeric_a8970f2e66cf,g3a_u01_3a01,numeric,20,DIVERSE_PARAMETER_GENERATOR,10,10,true
pgc_r03_g3a_u01_3a01_numeric_d46182c2c092,g3a_u01_3a01,numeric,20,DIVERSE_PARAMETER_GENERATOR,10,10,true
pgc_r03_g3a_u01_3a01_numeric_0bebc1379737,g3a_u01_3a01,numeric,20,DIVERSE_PARAMETER_GENERATOR,10,10,true
pgc_r03_g3a_u01_3a01_numeric_7482233bd13c,g3a_u01_3a01,numeric,20,DIVERSE_PARAMETER_GENERATOR,10,10,true
pgc_r03_g3a_u01_3a01_numeric_98870e56c798,g3a_u01_3a01,numeric,20,DIVERSE_PARAMETER_GENERATOR,10,10,true
pgc_r03_g3a_u01_3a01_numeric_25d27b0cb1f4,g3a_u01_3a01,numeric,20,DIVERSE_PARAMETER_GENERATOR,10,10,true
pgc_r03_g3a_u01_3a01_numeric_cdab61571ad5,g3a_u01_3a01,numeric,20,DIVERSE_PARAMETER_GENERATOR,10,10,true
pgc_r03_g3a_u01_3a01_application_9bd2fe76e17c,g3a_u01_3a01,application,20,DIVERSE_PARAMETER_GENERATOR,10,10,true
pgc_r03_g3a_u01_3a01_numeric_bac4ee6df428,g3a_u01_3a01,numeric,20,DIVERSE_PARAMETER_GENERATOR,10,10,true
pgc_r03_g3a_u01_3a01_application_078745248eea,g3a_u01_3a01,application,20,DIVERSE_PARAMETER_GENERATOR,10,10,true
pgc_r03_g3a_u02_3a02_numeric_8b3419dd133c,g3a_u02_3a02,numeric,20,DIVERSE_PARAMETER_GENERATOR,10,10,true
pgc_r03_g3a_u02_3a02_application_b99330741f7a,g3a_u02_3a02,application,20,DIVERSE_PARAMETER_GENERATOR,2,2,true
pgc_r03_g3a_u02_3a02_numeric_f8c525cb1be4,g3a_u02_3a02,numeric,20,DIVERSE_PARAMETER_GENERATOR,10,10,true
pgc_r03_g3a_u02_3a02_application_34d1425812ae,g3a_u02_3a02,application,20,DIVERSE_PARAMETER_GENERATOR,10,10,true
pgc_r03_g3a_u02_3a02_numeric_1a42850556a1,g3a_u02_3a02,numeric,20,DIVERSE_PARAMETER_GENERATOR,10,10,true
pgc_r03_g3a_u02_3a02_application_42650479995e,g3a_u02_3a02,application,20,DIVERSE_PARAMETER_GENERATOR,10,10,true
pgc_r03_g3a_u02_3a02_numeric_d621ce6868de,g3a_u02_3a02,numeric,20,DIVERSE_PARAMETER_GENERATOR,10,10,true
pgc_r03_g3a_u02_3a02_application_4c6a578caca7,g3a_u02_3a02,application,20,DIVERSE_PARAMETER_GENERATOR,10,10,true
pgc_r03_g3a_u02_3a02_numeric_8b320d931731,g3a_u02_3a02,numeric,20,DIVERSE_PARAMETER_GENERATOR,10,10,true
pgc_r03_g3a_u02_3a02_numeric_74d2c40df7f3,g3a_u02_3a02,numeric,20,DIVERSE_PARAMETER_GENERATOR,10,10,true
pgc_r03_g3a_u02_3a02_numeric_43d0c9b5facd,g3a_u02_3a02,numeric,20,DIVERSE_PARAMETER_GENERATOR,10,10,true
pgc_r03_g3a_u02_3a02_numeric_06f4377c3c55,g3a_u02_3a02,numeric,20,DIVERSE_PARAMETER_GENERATOR,10,10,true
pgc_r03_g3a_u02_3a02_numeric_e42a71ae9a1c,g3a_u02_3a02,numeric,20,DIVERSE_PARAMETER_GENERATOR,10,10,true
pgc_r03_g3a_u02_3a02_numeric_fb8a36b17dd9,g3a_u02_3a02,numeric,20,DIVERSE_PARAMETER_GENERATOR,10,10,true
pgc_r03_g3a_u02_3a02_numeric_8a1ab319d380,g3a_u02_3a02,numeric,20,DIVERSE_PARAMETER_GENERATOR,10,10,true
pgc_r03_g3a_u02_3a02_application_b850396d4490,g3a_u02_3a02,application,20,DIVERSE_PARAMETER_GENERATOR,10,10,true
pgc_r03_g3a_u03_3a03_numeric_7a21b824e19a,g3a_u03_3a03,numeric,20,FIXTURE_SELECTOR,1,1,false
pgc_r03_g3a_u03_3a03_application_ba1d3773b32f,g3a_u03_3a03,application,20,DIVERSE_PARAMETER_GENERATOR,2,2,true
pgc_r03_g3a_u03_3a03_numeric_b494aff1a84e,g3a_u03_3a03,numeric,20,FIXTURE_SELECTOR,1,1,false
pgc_r03_g3a_u03_3a03_application_0dcb3707159d,g3a_u03_3a03,application,20,DIVERSE_PARAMETER_GENERATOR,2,2,true
pgc_r03_g3a_u03_3a03_numeric_d183d226699e,g3a_u03_3a03,numeric,20,FIXTURE_SELECTOR,1,1,false
pgc_r03_g3a_u03_3a03_numeric_4bdcc0a95054,g3a_u03_3a03,numeric,20,FIXTURE_SELECTOR,1,1,false
pgc_r03_g3a_u03_3a03_numeric_18be7bd013fd,g3a_u03_3a03,numeric,20,FIXTURE_SELECTOR,1,1,false
pgc_r03_g3a_u03_3a03_application_92e89c0bc858,g3a_u03_3a03,application,20,DIVERSE_PARAMETER_GENERATOR,10,10,true
pgc_r03_g3a_u03_3a03_numeric_f2aab6882aa2,g3a_u03_3a03,numeric,20,FIXTURE_SELECTOR,1,1,false
pgc_r03_g3a_u03_3a03_numeric_d90620ef7fae,g3a_u03_3a03,numeric,20,FIXTURE_SELECTOR,1,1,false
pgc_r03_g3a_u03_3a03_numeric_91830b22dc92,g3a_u03_3a03,numeric,20,FIXTURE_SELECTOR,1,1,false
pgc_r03_g3a_u03_3a03_application_1d6449ce23c0,g3a_u03_3a03,application,20,DIVERSE_PARAMETER_GENERATOR,10,10,true
pgc_r03_g3a_u06_3a06_numeric_767d60f5e733,g3a_u06_3a06,numeric,20,DIVERSE_PARAMETER_GENERATOR,10,10,true
pgc_r03_g3a_u06_3a06_application_4da5b561b50f,g3a_u06_3a06,application,20,DIVERSE_PARAMETER_GENERATOR,2,2,true
pgc_r03_g3a_u06_3a06_numeric_28394c1f6229,g3a_u06_3a06,numeric,20,DIVERSE_PARAMETER_GENERATOR,10,10,true
pgc_r03_g3a_u06_3a06_application_aec8a16babd8,g3a_u06_3a06,application,20,DIVERSE_PARAMETER_GENERATOR,10,10,true
pgc_r03_g3a_u06_3a06_numeric_4b21955d0f36,g3a_u06_3a06,numeric,20,DIVERSE_PARAMETER_GENERATOR,10,10,true
pgc_r03_g3a_u06_3a06_numeric_c825c93cc63f,g3a_u06_3a06,numeric,20,FIXTURE_SELECTOR,1,1,false
pgc_r03_g3a_u06_3a06_numeric_2e2053269a6e,g3a_u06_3a06,numeric,20,FIXTURE_SELECTOR,1,1,false
pgc_r03_g3a_u06_3a06_numeric_b9596b7ab643,g3a_u06_3a06,numeric,20,FIXTURE_SELECTOR,1,1,false
pgc_r03_g3a_u06_3a06_numeric_2f13ee63e867,g3a_u06_3a06,numeric,20,FIXTURE_SELECTOR,1,1,false
pgc_r03_g3a_u06_3a06_numeric_307830e5d373,g3a_u06_3a06,numeric,20,DIVERSE_PARAMETER_GENERATOR,10,10,true
pgc_r03_g3a_u06_3a06_application_508aaf9f1bbf,g3a_u06_3a06,application,20,DIVERSE_PARAMETER_GENERATOR,10,10,true
pgc_r03_g3b_u01_3b01_numeric_5f5fb9fe47b4,g3b_u01_3b01,numeric,20,DIVERSE_PARAMETER_GENERATOR,10,10,true
pgc_r03_g3b_u01_3b01_application_807998db5d0e,g3b_u01_3b01,application,20,DIVERSE_PARAMETER_GENERATOR,2,2,true
pgc_r03_g3b_u01_3b01_numeric_29b17f26acee,g3b_u01_3b01,numeric,20,DIVERSE_PARAMETER_GENERATOR,10,10,true
pgc_r03_g3b_u01_3b01_application_0bd5235fd4ec,g3b_u01_3b01,application,20,DIVERSE_PARAMETER_GENERATOR,10,10,true
pgc_r03_g3b_u01_3b01_numeric_7da802257acb,g3b_u01_3b01,numeric,20,DIVERSE_PARAMETER_GENERATOR,10,10,true
pgc_r03_g3b_u01_3b01_numeric_36fe6128fde0,g3b_u01_3b01,numeric,20,DIVERSE_PARAMETER_GENERATOR,10,10,true
pgc_r03_g3b_u01_3b01_numeric_aedc085ef9cc,g3b_u01_3b01,numeric,20,DIVERSE_PARAMETER_GENERATOR,10,10,true
pgc_r03_g3b_u01_3b01_numeric_3fe018680716,g3b_u01_3b01,numeric,20,DIVERSE_PARAMETER_GENERATOR,10,10,true
pgc_r03_g3b_u01_3b01_numeric_a681cd1f2492,g3b_u01_3b01,numeric,9,DIVERSE_PARAMETER_GENERATOR,10,10,true
pgc_r03_g3b_u01_3b01_numeric_8df81a5bcecd,g3b_u01_3b01,numeric,20,DIVERSE_PARAMETER_GENERATOR,10,10,true
pgc_r03_g3b_u01_3b01_application_e0e16ad3307e,g3b_u01_3b01,application,20,DIVERSE_PARAMETER_GENERATOR,10,10,true
pgc_r03_g3b_u01_3b01_numeric_5637742f4d5c,g3b_u01_3b01,numeric,9,DIVERSE_PARAMETER_GENERATOR,10,10,true
pgc_r03_g3b_u01_3b01_application_1a8786fb5af9,g3b_u01_3b01,application,20,DIVERSE_PARAMETER_GENERATOR,10,10,true
pgc_r03_g3b_u01_3b01_numeric_f102070aaab1,g3b_u01_3b01,numeric,20,DIVERSE_PARAMETER_GENERATOR,10,10,true
pgc_r03_g3b_u01_3b01_application_5ed5771357cb,g3b_u01_3b01,application,20,DIVERSE_PARAMETER_GENERATOR,10,10,true
pgc_r03_g3b_u04_3b04_numeric_da4bc99acb92,g3b_u04_3b04,numeric,3,DIVERSE_PARAMETER_GENERATOR,10,10,true
pgc_r03_g3b_u04_3b04_application_893b211bcdf6,g3b_u04_3b04,application,20,DIVERSE_PARAMETER_GENERATOR,10,10,true
pgc_r03_g3b_u04_3b04_pbl_e1916a90faec,g3b_u04_3b04,pbl,20,FIXTURE_SELECTOR,1,1,false
pgc_r03_g3b_u04_3b04_application_11bba8b043a5,g3b_u04_3b04,application,20,DIVERSE_PARAMETER_GENERATOR,10,10,true
pgc_r03_g3b_u04_3b04_application_075ff20dc5a6,g3b_u04_3b04,application,20,DIVERSE_PARAMETER_GENERATOR,10,10,true
pgc_r03_g3b_u04_3b04_application_a82197bfb202,g3b_u04_3b04,application,20,DIVERSE_PARAMETER_GENERATOR,10,10,true
pgc_r03_g3b_u04_3b04_application_b01e4074824c,g3b_u04_3b04,application,20,DIVERSE_PARAMETER_GENERATOR,10,10,true
pgc_r03_g3b_u04_3b04_application_af73cc7665ca,g3b_u04_3b04,application,20,DIVERSE_PARAMETER_GENERATOR,10,10,true
pgc_r03_g3b_u04_3b04_application_73e89dbf8bf0,g3b_u04_3b04,application,20,DIVERSE_PARAMETER_GENERATOR,10,10,true
pgc_r03_g3b_u04_3b04_numeric_aaa25276d55e,g3b_u04_3b04,numeric,3,DIVERSE_PARAMETER_GENERATOR,10,10,true
pgc_r03_g3b_u04_3b04_application_3602182d8a79,g3b_u04_3b04,application,20,DIVERSE_PARAMETER_GENERATOR,10,10,true
pgc_r03_g3b_u04_3b04_application_e854a057330c,g3b_u04_3b04,application,20,DIVERSE_PARAMETER_GENERATOR,10,10,true
pgc_r03_g3b_u04_3b04_application_195bcb35906a,g3b_u04_3b04,application,20,DIVERSE_PARAMETER_GENERATOR,10,10,true
pgc_r03_g3b_u04_3b04_application_612c077a7fcc,g3b_u04_3b04,application,20,DIVERSE_PARAMETER_GENERATOR,10,10,true
pgc_r03_g3b_u08_3b08_application_973842923812,g3b_u08_3b08,application,20,DIVERSE_PARAMETER_GENERATOR,10,10,true
pgc_r03_g3b_u08_3b08_application_1f40bb61bf5a,g3b_u08_3b08,application,20,DIVERSE_PARAMETER_GENERATOR,10,10,true
pgc_r03_g3b_u08_3b08_application_e4d5ee302b3b,g3b_u08_3b08,application,20,DIVERSE_PARAMETER_GENERATOR,10,10,true
pgc_r03_g3b_u08_3b08_application_29be55e03e0a,g3b_u08_3b08,application,20,DIVERSE_PARAMETER_GENERATOR,10,10,true
pgc_r03_g3b_u08_3b08_application_7a6ab3aab78b,g3b_u08_3b08,application,20,DIVERSE_PARAMETER_GENERATOR,10,10,true
pgc_r03_g3b_u08_3b08_application_276fa28ad0b9,g3b_u08_3b08,application,20,DIVERSE_PARAMETER_GENERATOR,10,10,true
pgc_r03_g3b_u08_3b08_application_e40dfe529252,g3b_u08_3b08,application,20,DIVERSE_PARAMETER_GENERATOR,10,10,true
pgc_r03_g3b_u08_3b08_application_e7d49d197b53,g3b_u08_3b08,application,20,DIVERSE_PARAMETER_GENERATOR,10,10,true
pgc_r03_g4a_u01_4a01_numeric_857fc95f0c95,g4a_u01_4a01,numeric,20,DIVERSE_PARAMETER_GENERATOR,10,10,true
pgc_r03_g4a_u01_4a01_application_d1fffee38114,g4a_u01_4a01,application,20,DIVERSE_PARAMETER_GENERATOR,10,10,true
pgc_r03_g4a_u01_4a01_numeric_bd44d89a23c9,g4a_u01_4a01,numeric,20,DIVERSE_PARAMETER_GENERATOR,10,10,true
pgc_r03_g4a_u01_4a01_numeric_76db20dfcb35,g4a_u01_4a01,numeric,20,DIVERSE_PARAMETER_GENERATOR,10,10,true
pgc_r03_g4a_u01_4a01_numeric_ea2eddc45e86,g4a_u01_4a01,numeric,20,DIVERSE_PARAMETER_GENERATOR,10,10,true
pgc_r03_g4a_u01_4a01_numeric_a60720a40c15,g4a_u01_4a01,numeric,20,DIVERSE_PARAMETER_GENERATOR,10,10,true
pgc_r03_g4a_u01_4a01_numeric_9068588f0ff8,g4a_u01_4a01,numeric,20,DIVERSE_PARAMETER_GENERATOR,10,10,true
pgc_r03_g4a_u01_4a01_numeric_cf396f145515,g4a_u01_4a01,numeric,20,DIVERSE_PARAMETER_GENERATOR,10,10,true
pgc_r03_g4a_u01_4a01_numeric_28a84d5d9a8c,g4a_u01_4a01,numeric,20,DIVERSE_PARAMETER_GENERATOR,10,10,true
pgc_r03_g4a_u01_4a01_numeric_d49944f461bf,g4a_u01_4a01,numeric,20,DIVERSE_PARAMETER_GENERATOR,10,10,true
pgc_r03_g4a_u01_4a01_numeric_d8abf7a80682,g4a_u01_4a01,numeric,20,DIVERSE_PARAMETER_GENERATOR,10,10,true
pgc_r03_g4a_u01_4a01_numeric_e480d92db668,g4a_u01_4a01,numeric,20,DIVERSE_PARAMETER_GENERATOR,10,10,true
pgc_r03_g4a_u01_4a01_numeric_07e100fa0d69,g4a_u01_4a01,numeric,20,DIVERSE_PARAMETER_GENERATOR,10,10,true
pgc_r03_g4a_u01_4a01_numeric_e20bea238761,g4a_u01_4a01,numeric,20,DIVERSE_PARAMETER_GENERATOR,10,10,true
pgc_r03_g4a_u01_4a01_numeric_9e9341b696c0,g4a_u01_4a01,numeric,20,DIVERSE_PARAMETER_GENERATOR,10,10,true
pgc_r03_g4a_u01_4a01_numeric_c00f91d31af1,g4a_u01_4a01,numeric,20,DIVERSE_PARAMETER_GENERATOR,10,10,true
pgc_r03_g4a_u01_4a01_numeric_dae61ad53455,g4a_u01_4a01,numeric,8,FIXTURE_SELECTOR,1,10,false
pgc_r03_g4a_u01_4a01_application_afd50c2cb6b2,g4a_u01_4a01,application,20,DIVERSE_PARAMETER_GENERATOR,10,10,true
pgc_r03_g4a_u01_4a01_application_eaef4e4bbcba,g4a_u01_4a01,application,20,DIVERSE_PARAMETER_GENERATOR,10,10,true
pgc_r03_g4a_u01_4a01_numeric_69c208757b03,g4a_u01_4a01,numeric,16,DIVERSE_PARAMETER_GENERATOR,10,10,true
pgc_r03_g4a_u01_4a01_numeric_79c48e346809,g4a_u01_4a01,numeric,20,DIVERSE_PARAMETER_GENERATOR,10,10,true
pgc_r03_g4a_u01_4a01_application_b803c9c013fc,g4a_u01_4a01,application,20,DIVERSE_PARAMETER_GENERATOR,10,10,true
pgc_r03_g4a_u02_4a02_numeric_dc79b829ced2,g4a_u02_4a02,numeric,20,DIVERSE_PARAMETER_GENERATOR,10,10,true
pgc_r03_g4a_u02_4a02_application_381f26d07d56,g4a_u02_4a02,application,20,DIVERSE_PARAMETER_GENERATOR,10,10,true
pgc_r03_g4a_u02_4a02_numeric_91c16c89471f,g4a_u02_4a02,numeric,20,DIVERSE_PARAMETER_GENERATOR,10,10,true
pgc_r03_g4a_u02_4a02_numeric_60af01332bb3,g4a_u02_4a02,numeric,20,DIVERSE_PARAMETER_GENERATOR,10,10,true
pgc_r03_g4a_u02_4a02_numeric_bf09ce329651,g4a_u02_4a02,numeric,20,DIVERSE_PARAMETER_GENERATOR,10,10,true
pgc_r03_g4a_u02_4a02_numeric_5dbb64519dce,g4a_u02_4a02,numeric,20,DIVERSE_PARAMETER_GENERATOR,10,10,true
pgc_r03_g4a_u02_4a02_numeric_994c2d78bb50,g4a_u02_4a02,numeric,20,DIVERSE_PARAMETER_GENERATOR,10,10,true
pgc_r03_g4a_u02_4a02_numeric_fe60f1155893,g4a_u02_4a02,numeric,20,DIVERSE_PARAMETER_GENERATOR,10,10,true
pgc_r03_g4a_u02_4a02_numeric_fd02ebcbfa78,g4a_u02_4a02,numeric,20,DIVERSE_PARAMETER_GENERATOR,10,10,true
pgc_r03_g4a_u02_4a02_numeric_3b9e0e3192c6,g4a_u02_4a02,numeric,20,DIVERSE_PARAMETER_GENERATOR,10,10,true
pgc_r03_g4a_u02_4a02_numeric_fcffd3e88319,g4a_u02_4a02,numeric,20,DIVERSE_PARAMETER_GENERATOR,10,10,true
pgc_r03_g4a_u02_4a02_numeric_6d2ce3f38f7d,g4a_u02_4a02,numeric,20,DIVERSE_PARAMETER_GENERATOR,10,10,true
pgc_r03_g4a_u04_4a04_numeric_44d982b7802c,g4a_u04_4a04,numeric,20,DIVERSE_PARAMETER_GENERATOR,10,10,true
pgc_r03_g4a_u04_4a04_application_371414272efb,g4a_u04_4a04,application,20,DIVERSE_PARAMETER_GENERATOR,10,10,true
pgc_r03_g4a_u04_4a04_numeric_e9ed9c786ff2,g4a_u04_4a04,numeric,20,DIVERSE_PARAMETER_GENERATOR,10,10,true
pgc_r03_g4a_u04_4a04_numeric_0f3f8277d67c,g4a_u04_4a04,numeric,20,DIVERSE_PARAMETER_GENERATOR,10,10,true
pgc_r03_g4a_u04_4a04_numeric_6903125c5330,g4a_u04_4a04,numeric,20,DIVERSE_PARAMETER_GENERATOR,10,10,true
pgc_r03_g4a_u04_4a04_numeric_6573ff177d2f,g4a_u04_4a04,numeric,20,DIVERSE_PARAMETER_GENERATOR,10,10,true
pgc_r03_g4a_u04_4a04_numeric_baaf66fc7236,g4a_u04_4a04,numeric,20,DIVERSE_PARAMETER_GENERATOR,10,10,true
pgc_r03_g4a_u04_4a04_numeric_58516c06795a,g4a_u04_4a04,numeric,20,DIVERSE_PARAMETER_GENERATOR,10,10,true
pgc_r03_g4a_u04_4a04_numeric_5f518338c0b6,g4a_u04_4a04,numeric,20,DIVERSE_PARAMETER_GENERATOR,10,10,true
pgc_r03_g4a_u04_4a04_numeric_eb2530c935d6,g4a_u04_4a04,numeric,20,DIVERSE_PARAMETER_GENERATOR,10,10,true
pgc_r03_g4a_u08_4a08_numeric_2ad4f68abcdd,g4a_u08_4a08,numeric,20,DIVERSE_PARAMETER_GENERATOR,10,10,true
pgc_r03_g4a_u08_4a08_application_16754d7c3881,g4a_u08_4a08,application,20,DIVERSE_PARAMETER_GENERATOR,10,10,true
pgc_r03_g4a_u08_4a08_pbl_cf1460671cf4,g4a_u08_4a08,pbl,20,FIXTURE_SELECTOR,1,1,false
pgc_r03_g4a_u08_4a08_numeric_8b7dd5e9823c,g4a_u08_4a08,numeric,20,DIVERSE_PARAMETER_GENERATOR,10,10,true
pgc_r03_g4a_u08_4a08_numeric_f6728cdc5f2c,g4a_u08_4a08,numeric,20,DIVERSE_PARAMETER_GENERATOR,10,10,true
pgc_r03_g4a_u08_4a08_numeric_6c31960202ce,g4a_u08_4a08,numeric,20,DIVERSE_PARAMETER_GENERATOR,10,10,true
pgc_r03_g4a_u08_4a08_numeric_14362959bfec,g4a_u08_4a08,numeric,17,DIVERSE_PARAMETER_GENERATOR,10,10,true
pgc_r03_g4a_u08_4a08_numeric_4007258fe55a,g4a_u08_4a08,numeric,11,DIVERSE_PARAMETER_GENERATOR,10,10,true
pgc_r03_g4a_u08_4a08_numeric_6942af98a8b5,g4a_u08_4a08,numeric,7,DIVERSE_PARAMETER_GENERATOR,10,10,true
pgc_r03_g4a_u08_4a08_numeric_32862e578f8a,g4a_u08_4a08,numeric,5,DIVERSE_PARAMETER_GENERATOR,10,10,true
pgc_r03_g4a_u08_4a08_numeric_8f973314eb38,g4a_u08_4a08,numeric,10,DIVERSE_PARAMETER_GENERATOR,10,10,true
pgc_r03_g4a_u08_4a08_numeric_11e5075280ac,g4a_u08_4a08,numeric,20,DIVERSE_PARAMETER_GENERATOR,10,10,true
pgc_r03_g4a_u08_4a08_numeric_fbc54e0f5829,g4a_u08_4a08,numeric,20,DIVERSE_PARAMETER_GENERATOR,10,10,true
pgc_r03_g4a_u08_4a08_numeric_bdcf626ae8d9,g4a_u08_4a08,numeric,20,DIVERSE_PARAMETER_GENERATOR,10,10,true
pgc_r03_g4a_u08_4a08_application_410554ef96de,g4a_u08_4a08,application,20,DIVERSE_PARAMETER_GENERATOR,10,10,true
pgc_r03_g4a_u08_4a08_application_0a8a6c1be060,g4a_u08_4a08,application,20,DIVERSE_PARAMETER_GENERATOR,10,10,true
pgc_r03_g4a_u08_4a08_application_ce332439104a,g4a_u08_4a08,application,20,DIVERSE_PARAMETER_GENERATOR,10,10,true
pgc_r03_g4a_u08_4a08_application_f7cabb411a60,g4a_u08_4a08,application,20,DIVERSE_PARAMETER_GENERATOR,10,10,true
pgc_r03_g4a_u08_4a08_application_f5dcca761a17,g4a_u08_4a08,application,20,DIVERSE_PARAMETER_GENERATOR,10,10,true
pgc_r03_g4a_u08_4a08_application_8739e39b1c19,g4a_u08_4a08,application,20,DIVERSE_PARAMETER_GENERATOR,10,10,true
pgc_r03_g4a_u08_4a08_application_056d95347e03,g4a_u08_4a08,application,20,DIVERSE_PARAMETER_GENERATOR,10,10,true
pgc_r03_g4a_u08_4a08_application_dfbab6e2930f,g4a_u08_4a08,application,20,DIVERSE_PARAMETER_GENERATOR,10,10,true
pgc_r03_g4a_u08_4a08_application_17c958bef1b7,g4a_u08_4a08,application,20,DIVERSE_PARAMETER_GENERATOR,10,10,true
pgc_r03_g4a_u08_4a08_application_74ec8e1af51b,g4a_u08_4a08,application,20,DIVERSE_PARAMETER_GENERATOR,10,10,true
pgc_r03_g4a_u08_4a08_application_7271ec0e932c,g4a_u08_4a08,application,20,DIVERSE_PARAMETER_GENERATOR,10,10,true
pgc_r03_g4a_u08_4a08_application_75cf23092fb6,g4a_u08_4a08,application,20,DIVERSE_PARAMETER_GENERATOR,10,10,true
pgc_r03_g4a_u08_4a08_application_a15a6e0fd654,g4a_u08_4a08,application,20,DIVERSE_PARAMETER_GENERATOR,10,10,true
pgc_r03_g4a_u08_4a08_application_eaf8fe8ad07e,g4a_u08_4a08,application,20,DIVERSE_PARAMETER_GENERATOR,10,10,true
pgc_r03_g4a_u08_4a08_application_818d7850e90b,g4a_u08_4a08,application,20,DIVERSE_PARAMETER_GENERATOR,10,10,true
pgc_r03_g4a_u08_4a08_application_404f709c1e6e,g4a_u08_4a08,application,20,DIVERSE_PARAMETER_GENERATOR,10,10,true
pgc_r03_g4a_u08_4a08_application_4f38b526a048,g4a_u08_4a08,application,20,DIVERSE_PARAMETER_GENERATOR,10,10,true
pgc_r03_g4a_u08_4a08_numeric_36e25aa8722f,g4a_u08_4a08,numeric,20,DIVERSE_PARAMETER_GENERATOR,10,10,true
pgc_r03_g4a_u08_4a08_application_af3c496fb33c,g4a_u08_4a08,application,20,DIVERSE_PARAMETER_GENERATOR,10,10,true
pgc_r03_g4b_u01_4b01_numeric_f8b430ea7e53,g4b_u01_4b01,numeric,20,DIVERSE_PARAMETER_GENERATOR,10,10,true
pgc_r03_g4b_u01_4b01_application_89ae020e0320,g4b_u01_4b01,application,20,DIVERSE_PARAMETER_GENERATOR,10,10,true
pgc_r03_g4b_u01_4b01_application_53b335e3c451,g4b_u01_4b01,application,20,DIVERSE_PARAMETER_GENERATOR,10,10,true
pgc_r03_g4b_u01_4b01_numeric_41f60a659385,g4b_u01_4b01,numeric,20,DIVERSE_PARAMETER_GENERATOR,10,10,true
pgc_r03_g4b_u01_4b01_numeric_419cb306c3d0,g4b_u01_4b01,numeric,20,DIVERSE_PARAMETER_GENERATOR,10,10,true
pgc_r03_g4b_u01_4b01_numeric_35ebdd818b3f,g4b_u01_4b01,numeric,20,DIVERSE_PARAMETER_GENERATOR,10,10,true
pgc_r03_g4b_u01_4b01_numeric_3a264c944b4e,g4b_u01_4b01,numeric,20,DIVERSE_PARAMETER_GENERATOR,10,10,true
pgc_r03_g4b_u01_4b01_numeric_19988a39df50,g4b_u01_4b01,numeric,20,DIVERSE_PARAMETER_GENERATOR,10,10,true
pgc_r03_g4b_u01_4b01_numeric_1341f7e125c2,g4b_u01_4b01,numeric,20,DIVERSE_PARAMETER_GENERATOR,10,10,true
pgc_r03_g4b_u01_4b01_numeric_f708edddf5d7,g4b_u01_4b01,numeric,12,DIVERSE_PARAMETER_GENERATOR,10,10,true
pgc_r03_g4b_u01_4b01_numeric_6c7673a879f3,g4b_u01_4b01,numeric,20,DIVERSE_PARAMETER_GENERATOR,10,10,true
pgc_r03_g4b_u01_4b01_numeric_81ddbed5d648,g4b_u01_4b01,numeric,20,DIVERSE_PARAMETER_GENERATOR,10,10,true
pgc_r03_g4b_u01_4b01_application_32be2dc4b6c5,g4b_u01_4b01,application,20,DIVERSE_PARAMETER_GENERATOR,10,10,true
pgc_r03_g5a_u08_5a08_mixed_2be05cea1609,g5a_u08_5a08,mixed,20,DIVERSE_PARAMETER_GENERATOR,10,10,true
pgc_r03_g5a_u08_5a08_mixed_fdfe709623a6,g5a_u08_5a08,mixed,20,DIVERSE_PARAMETER_GENERATOR,10,10,true
pgc_r03_g5a_u08_5a08_mixed_4e31e70befa7,g5a_u08_5a08,mixed,20,DIVERSE_PARAMETER_GENERATOR,10,10,true
pgc_r03_g5a_u08_5a08_mixed_8e2cccca7fbc,g5a_u08_5a08,mixed,20,DIVERSE_PARAMETER_GENERATOR,10,10,true
pgc_r03_g5a_u08_5a08_mixed_ad5565765ff7,g5a_u08_5a08,mixed,20,DIVERSE_PARAMETER_GENERATOR,10,10,true
pgc_r03_g5a_u08_5a08_mixed_600ca7d5b4f8,g5a_u08_5a08,mixed,20,DIVERSE_PARAMETER_GENERATOR,10,10,true
pgc_r03_g5a_u08_5a08_mixed_6679203720d1,g5a_u08_5a08,mixed,20,DIVERSE_PARAMETER_GENERATOR,10,10,true
pgc_r03_g5a_u08_5a08_mixed_98a4786633b5,g5a_u08_5a08,mixed,20,DIVERSE_PARAMETER_GENERATOR,10,10,true
pgc_r03_g5a_u08_5a08_mixed_188cc49949da,g5a_u08_5a08,mixed,20,DIVERSE_PARAMETER_GENERATOR,10,10,true
pgc_r03_g5a_u08_5a08_application_d534b69a1476,g5a_u08_5a08,application,20,DIVERSE_PARAMETER_GENERATOR,10,10,true
pgc_r03_g5a_u08_5a08_application_1b9de446e735,g5a_u08_5a08,application,20,DIVERSE_PARAMETER_GENERATOR,10,10,true
pgc_r03_g5a_u08_5a08_application_ffe1f154626b,g5a_u08_5a08,application,20,DIVERSE_PARAMETER_GENERATOR,10,10,true
pgc_r03_g5a_u08_5a08_application_b7bf430f384a,g5a_u08_5a08,application,20,DIVERSE_PARAMETER_GENERATOR,10,10,true
pgc_r03_g5a_u08_5a08_application_c37c6a110dca,g5a_u08_5a08,application,20,DIVERSE_PARAMETER_GENERATOR,10,10,true
pgc_r03_g5a_u08_5a08_application_c94e35c538bc,g5a_u08_5a08,application,20,DIVERSE_PARAMETER_GENERATOR,10,10,true
pgc_r03_g5a_u08_5a08_application_72478eff7c1b,g5a_u08_5a08,application,20,DIVERSE_PARAMETER_GENERATOR,10,10,true
pgc_r03_g5a_u08_5a08_application_4dc33e590507,g5a_u08_5a08,application,20,DIVERSE_PARAMETER_GENERATOR,10,10,true
pgc_r03_g5a_u08_5a08_application_0340e1599724,g5a_u08_5a08,application,20,DIVERSE_PARAMETER_GENERATOR,10,10,true
pgc_r03_g5a_u08_5a08_reasoning_64682981cb68,g5a_u08_5a08,reasoning,20,DIVERSE_PARAMETER_GENERATOR,10,10,true
pgc_r03_g5a_u08_5a08_reasoning_32b03947e023,g5a_u08_5a08,reasoning,20,DIVERSE_PARAMETER_GENERATOR,10,10,true
pgc_r03_g5a_u08_5a08_reasoning_a8d353fac11b,g5a_u08_5a08,reasoning,20,DIVERSE_PARAMETER_GENERATOR,10,10,true
pgc_r03_g5a_u08_5a08_reasoning_d0b0417c2320,g5a_u08_5a08,reasoning,20,DIVERSE_PARAMETER_GENERATOR,10,10,true
pgc_r03_g5a_u08_5a08_reasoning_83697a9110fa,g5a_u08_5a08,reasoning,20,DIVERSE_PARAMETER_GENERATOR,10,10,true
pgc_r03_g5a_u08_5a08_reasoning_5bea4df1bf09,g5a_u08_5a08,reasoning,20,DIVERSE_PARAMETER_GENERATOR,10,10,true
pgc_r03_g5a_u08_5a08_reasoning_18bd1e9c5122,g5a_u08_5a08,reasoning,20,DIVERSE_PARAMETER_GENERATOR,10,10,true
pgc_r03_g5a_u08_5a08_reasoning_85043ca27147,g5a_u08_5a08,reasoning,20,DIVERSE_PARAMETER_GENERATOR,10,10,true
pgc_r03_g5a_u08_5a08_reasoning_421fa305f23b,g5a_u08_5a08,reasoning,20,DIVERSE_PARAMETER_GENERATOR,10,10,true
pgc_r03_g5a_u08_5a08_pbl_24fbddf9988e,g5a_u08_5a08,pbl,20,FIXTURE_SELECTOR,1,1,false
pgc_r03_g5a_u08_5a08_pbl_d273c0cebde5,g5a_u08_5a08,pbl,20,FIXTURE_SELECTOR,1,1,false
pgc_r03_g5a_u08_5a08_pbl_1f95f7aef8de,g5a_u08_5a08,pbl,20,FIXTURE_SELECTOR,1,1,false
pgc_r03_g5a_u08_5a08_pbl_cd62dd4526e7,g5a_u08_5a08,pbl,20,FIXTURE_SELECTOR,1,1,false
pgc_r03_g5a_u08_5a08_pbl_1f52a5f057d2,g5a_u08_5a08,pbl,20,FIXTURE_SELECTOR,1,1,false
pgc_r03_g5a_u08_5a08_pbl_e2f36fc39905,g5a_u08_5a08,pbl,20,FIXTURE_SELECTOR,1,1,false
pgc_r03_g5a_u08_5a08_pbl_f7dfd39952c2,g5a_u08_5a08,pbl,20,FIXTURE_SELECTOR,1,1,false
pgc_r03_g5a_u08_5a08_pbl_de316241da32,g5a_u08_5a08,pbl,20,FIXTURE_SELECTOR,1,1,false
pgc_r03_g5a_u08_5a08_pbl_8d7b934c3f7a,g5a_u08_5a08,pbl,20,FIXTURE_SELECTOR,1,1,false
pgc_r03_g5a_u08_5a08_mixed_e0bf343d1bc2,g5a_u08_5a08,mixed,20,DIVERSE_PARAMETER_GENERATOR,10,10,true
pgc_r03_g5a_u08_5a08_mixed_53791d3c5f20,g5a_u08_5a08,mixed,20,DIVERSE_PARAMETER_GENERATOR,10,10,true
pgc_r03_g5a_u08_5a08_mixed_a1939b11031d,g5a_u08_5a08,mixed,20,DIVERSE_PARAMETER_GENERATOR,10,10,true
pgc_r03_g5a_u08_5a08_mixed_7282c61291b5,g5a_u08_5a08,mixed,20,DIVERSE_PARAMETER_GENERATOR,10,10,true
pgc_r03_g5a_u08_5a08_mixed_557a27e35b6d,g5a_u08_5a08,mixed,20,DIVERSE_PARAMETER_GENERATOR,10,10,true
pgc_r03_g5a_u08_5a08_mixed_e84c0f6c9970,g5a_u08_5a08,mixed,20,DIVERSE_PARAMETER_GENERATOR,10,10,true
pgc_r03_g5a_u08_5a08_mixed_76e21137264d,g5a_u08_5a08,mixed,20,DIVERSE_PARAMETER_GENERATOR,10,10,true
pgc_r03_g5a_u08_5a08_mixed_31f8a248d35d,g5a_u08_5a08,mixed,20,DIVERSE_PARAMETER_GENERATOR,10,10,true
pgc_r03_g5a_u08_5a08_mixed_b5e0528bb53b,g5a_u08_5a08,mixed,20,DIVERSE_PARAMETER_GENERATOR,10,10,true
pgc_r03_g5a_u08_5a08_mixed_f0ec8536d549,g5a_u08_5a08,mixed,20,DIVERSE_PARAMETER_GENERATOR,10,10,true
pgc_r03_g5a_u08_5a08_mixed_11e361076529,g5a_u08_5a08,mixed,20,DIVERSE_PARAMETER_GENERATOR,10,10,true
pgc_r03_g5a_u08_5a08_mixed_de80e15a7c4b,g5a_u08_5a08,mixed,20,DIVERSE_PARAMETER_GENERATOR,10,10,true
pgc_r03_g5a_u08_5a08_mixed_f169600e4c17,g5a_u08_5a08,mixed,20,DIVERSE_PARAMETER_GENERATOR,10,10,true
pgc_r03_g5a_u08_5a08_mixed_32ca64b59f2f,g5a_u08_5a08,mixed,20,DIVERSE_PARAMETER_GENERATOR,10,10,true
pgc_r03_g5a_u08_5a08_mixed_9bc7d24fe188,g5a_u08_5a08,mixed,20,DIVERSE_PARAMETER_GENERATOR,10,10,true
pgc_r03_g5a_u08_5a08_mixed_5bf5cdf1a7b5,g5a_u08_5a08,mixed,20,DIVERSE_PARAMETER_GENERATOR,10,10,true
pgc_r03_g5a_u08_5a08_mixed_3ebc806049a5,g5a_u08_5a08,mixed,20,DIVERSE_PARAMETER_GENERATOR,10,10,true
pgc_r03_g5a_u08_5a08_mixed_1f8be1eb17e8,g5a_u08_5a08,mixed,20,DIVERSE_PARAMETER_GENERATOR,10,10,true
pgc_r03_g5a_u08_5a08_application_17e84e3b675b,g5a_u08_5a08,application,20,DIVERSE_PARAMETER_GENERATOR,10,10,true
pgc_r03_g5a_u08_5a08_application_9ea0118a3132,g5a_u08_5a08,application,20,DIVERSE_PARAMETER_GENERATOR,10,10,true
pgc_r03_g5a_u08_5a08_application_6208cf77fc72,g5a_u08_5a08,application,20,DIVERSE_PARAMETER_GENERATOR,10,10,true
pgc_r03_g5a_u08_5a08_application_0bee55264b37,g5a_u08_5a08,application,20,DIVERSE_PARAMETER_GENERATOR,10,10,true
pgc_r03_g5a_u08_5a08_application_4564425072ec,g5a_u08_5a08,application,20,DIVERSE_PARAMETER_GENERATOR,10,10,true
pgc_r03_g5a_u08_5a08_application_4a69089d682c,g5a_u08_5a08,application,20,DIVERSE_PARAMETER_GENERATOR,10,10,true
pgc_r03_g5a_u08_5a08_mixed_2abfa4568e97,g5a_u08_5a08,mixed,20,DIVERSE_PARAMETER_GENERATOR,10,10,true
pgc_r03_g5a_u08_5a08_mixed_e43e5c898b54,g5a_u08_5a08,mixed,20,DIVERSE_PARAMETER_GENERATOR,10,10,true
pgc_r03_g5a_u08_5a08_mixed_319936a78e3c,g5a_u08_5a08,mixed,20,DIVERSE_PARAMETER_GENERATOR,10,10,true
pgc_r03_g5a_u08_5a08_mixed_0e91f6490bb1,g5a_u08_5a08,mixed,20,DIVERSE_PARAMETER_GENERATOR,10,10,true
pgc_r03_g5a_u08_5a08_mixed_13a891e2cec0,g5a_u08_5a08,mixed,20,DIVERSE_PARAMETER_GENERATOR,10,10,true
pgc_r03_g5a_u08_5a08_mixed_bea594823c55,g5a_u08_5a08,mixed,20,DIVERSE_PARAMETER_GENERATOR,10,10,true
pgc_r03_g5a_u08_5a08_mixed_afc782779ab8,g5a_u08_5a08,mixed,20,DIVERSE_PARAMETER_GENERATOR,10,10,true
pgc_r03_g5a_u08_5a08_mixed_750ead8d7df8,g5a_u08_5a08,mixed,20,DIVERSE_PARAMETER_GENERATOR,10,10,true
pgc_r03_g5a_u08_5a08_mixed_290d0837c778,g5a_u08_5a08,mixed,20,DIVERSE_PARAMETER_GENERATOR,10,10,true
pgc_r03_g5a_u08_5a08_mixed_363686734e9f,g5a_u08_5a08,mixed,20,DIVERSE_PARAMETER_GENERATOR,10,10,true
pgc_r03_g5a_u08_5a08_mixed_9c289076316e,g5a_u08_5a08,mixed,20,DIVERSE_PARAMETER_GENERATOR,10,10,true
pgc_r03_g5a_u08_5a08_mixed_15429f75a305,g5a_u08_5a08,mixed,20,DIVERSE_PARAMETER_GENERATOR,10,10,true
pgc_r03_g5a_u08_5a08_mixed_d9653bc3fb24,g5a_u08_5a08,mixed,19,DIVERSE_PARAMETER_GENERATOR,10,10,true
pgc_r03_g5a_u08_5a08_mixed_7810bec0a674,g5a_u08_5a08,mixed,19,DIVERSE_PARAMETER_GENERATOR,10,10,true
pgc_r03_g5a_u08_5a08_mixed_c5da82bf34ca,g5a_u08_5a08,mixed,19,DIVERSE_PARAMETER_GENERATOR,10,10,true
pgc_r03_g5a_u08_5a08_mixed_e350442b28e4,g5a_u08_5a08,mixed,19,DIVERSE_PARAMETER_GENERATOR,10,10,true
pgc_r03_g5a_u08_5a08_mixed_8d1fd6afdc00,g5a_u08_5a08,mixed,19,DIVERSE_PARAMETER_GENERATOR,10,10,true
pgc_r03_g5a_u08_5a08_mixed_04956bf22a5e,g5a_u08_5a08,mixed,19,DIVERSE_PARAMETER_GENERATOR,10,10,true
pgc_r03_g5a_u08_5a08_mixed_8a7ec22cf4e6,g5a_u08_5a08,mixed,20,DIVERSE_PARAMETER_GENERATOR,10,10,true
pgc_r03_g5a_u08_5a08_mixed_acc83dac5fd1,g5a_u08_5a08,mixed,20,DIVERSE_PARAMETER_GENERATOR,10,10,true
pgc_r03_g5a_u08_5a08_mixed_81a05b2e3317,g5a_u08_5a08,mixed,20,DIVERSE_PARAMETER_GENERATOR,10,10,true
pgc_r03_g5a_u08_5a08_mixed_80ec4c4f2d53,g5a_u08_5a08,mixed,19,DIVERSE_PARAMETER_GENERATOR,10,10,true
pgc_r03_g5a_u08_5a08_mixed_726e2154ae4a,g5a_u08_5a08,mixed,19,DIVERSE_PARAMETER_GENERATOR,10,10,true
pgc_r03_g5a_u08_5a08_mixed_733014e7cc55,g5a_u08_5a08,mixed,19,DIVERSE_PARAMETER_GENERATOR,10,10,true
pgc_r03_g5a_u08_5a08_application_7a052166ea25,g5a_u08_5a08,application,20,DIVERSE_PARAMETER_GENERATOR,10,10,true
pgc_r03_g5a_u08_5a08_application_6221ed7464c1,g5a_u08_5a08,application,20,DIVERSE_PARAMETER_GENERATOR,10,10,true
pgc_r03_g5a_u08_5a08_application_96af72e5fc9f,g5a_u08_5a08,application,20,DIVERSE_PARAMETER_GENERATOR,10,10,true
pgc_r03_g5a_u08_5a08_application_bb24a1e3d61c,g5a_u08_5a08,application,20,DIVERSE_PARAMETER_GENERATOR,10,10,true
pgc_r03_g5a_u08_5a08_application_20e277ac57d1,g5a_u08_5a08,application,20,DIVERSE_PARAMETER_GENERATOR,10,10,true
pgc_r03_g5a_u08_5a08_application_4951581f6573,g5a_u08_5a08,application,20,DIVERSE_PARAMETER_GENERATOR,10,10,true
pgc_r03_g5a_u08_5a08_mixed_e76fdf868159,g5a_u08_5a08,mixed,20,DIVERSE_PARAMETER_GENERATOR,10,10,true
pgc_r03_g5a_u08_5a08_mixed_fbe795945244,g5a_u08_5a08,mixed,20,DIVERSE_PARAMETER_GENERATOR,10,10,true
pgc_r03_g5a_u08_5a08_mixed_67806134a26f,g5a_u08_5a08,mixed,20,DIVERSE_PARAMETER_GENERATOR,10,10,true
pgc_r03_g5a_u08_5a08_mixed_07683e7e4edf,g5a_u08_5a08,mixed,20,DIVERSE_PARAMETER_GENERATOR,10,10,true
pgc_r03_g5a_u08_5a08_mixed_3d269856ffde,g5a_u08_5a08,mixed,20,DIVERSE_PARAMETER_GENERATOR,10,10,true
pgc_r03_g5a_u08_5a08_mixed_b0f9da5ec95b,g5a_u08_5a08,mixed,20,DIVERSE_PARAMETER_GENERATOR,10,10,true
pgc_r03_g5a_u08_5a08_mixed_36746faf9820,g5a_u08_5a08,mixed,20,DIVERSE_PARAMETER_GENERATOR,10,10,true
pgc_r03_g5a_u08_5a08_mixed_c4fb89a45da1,g5a_u08_5a08,mixed,20,DIVERSE_PARAMETER_GENERATOR,10,10,true
pgc_r03_g5a_u08_5a08_mixed_2057e4af9694,g5a_u08_5a08,mixed,20,DIVERSE_PARAMETER_GENERATOR,10,10,true
pgc_r03_g5a_u08_5a08_mixed_e3beaa70a165,g5a_u08_5a08,mixed,20,DIVERSE_PARAMETER_GENERATOR,10,10,true
pgc_r03_g5a_u08_5a08_mixed_03df3be246bd,g5a_u08_5a08,mixed,20,DIVERSE_PARAMETER_GENERATOR,10,10,true
pgc_r03_g5a_u08_5a08_mixed_6d1344cc4cb0,g5a_u08_5a08,mixed,20,DIVERSE_PARAMETER_GENERATOR,10,10,true
pgc_r03_g5a_u08_5a08_mixed_12c40c294fbf,g5a_u08_5a08,mixed,20,DIVERSE_PARAMETER_GENERATOR,10,10,true
pgc_r03_g5a_u08_5a08_mixed_1e236bc286b5,g5a_u08_5a08,mixed,20,DIVERSE_PARAMETER_GENERATOR,10,10,true
pgc_r03_g5a_u08_5a08_mixed_648051e3df4d,g5a_u08_5a08,mixed,20,DIVERSE_PARAMETER_GENERATOR,10,10,true
pgc_r03_g5a_u08_5a08_mixed_bac18dcc8250,g5a_u08_5a08,mixed,20,DIVERSE_PARAMETER_GENERATOR,10,10,true
pgc_r03_g5a_u08_5a08_mixed_47e695f250e1,g5a_u08_5a08,mixed,20,DIVERSE_PARAMETER_GENERATOR,10,10,true
pgc_r03_g5a_u08_5a08_mixed_8d4f551f4641,g5a_u08_5a08,mixed,20,DIVERSE_PARAMETER_GENERATOR,10,10,true
pgc_r03_g5a_u08_5a08_application_5331ab7008b0,g5a_u08_5a08,application,20,DIVERSE_PARAMETER_GENERATOR,10,10,true
pgc_r03_g5a_u08_5a08_application_220046acf9e8,g5a_u08_5a08,application,20,DIVERSE_PARAMETER_GENERATOR,10,10,true
pgc_r03_g5a_u08_5a08_application_a8ef7ac969e6,g5a_u08_5a08,application,20,DIVERSE_PARAMETER_GENERATOR,10,10,true
pgc_r03_g5a_u08_5a08_application_ca0049ca4492,g5a_u08_5a08,application,20,DIVERSE_PARAMETER_GENERATOR,10,10,true
pgc_r03_g5a_u08_5a08_application_d6d3f3b71078,g5a_u08_5a08,application,20,DIVERSE_PARAMETER_GENERATOR,10,10,true
pgc_r03_g5a_u08_5a08_application_ea3752ad626c,g5a_u08_5a08,application,20,DIVERSE_PARAMETER_GENERATOR,10,10,true
pgc_r03_g5a_u08_5a08_mixed_12a0e10823a6,g5a_u08_5a08,mixed,20,DIVERSE_PARAMETER_GENERATOR,10,10,true
pgc_r03_g5a_u08_5a08_mixed_e32db14b6852,g5a_u08_5a08,mixed,20,DIVERSE_PARAMETER_GENERATOR,10,10,true
pgc_r03_g5a_u08_5a08_mixed_33ffa3409507,g5a_u08_5a08,mixed,20,DIVERSE_PARAMETER_GENERATOR,10,10,true
pgc_r03_g5a_u08_5a08_mixed_c35bc84df0d1,g5a_u08_5a08,mixed,20,DIVERSE_PARAMETER_GENERATOR,10,10,true
pgc_r03_g5a_u08_5a08_mixed_e12e4e32fc90,g5a_u08_5a08,mixed,20,DIVERSE_PARAMETER_GENERATOR,10,10,true
pgc_r03_g5a_u08_5a08_mixed_f2b27d4bbd05,g5a_u08_5a08,mixed,20,DIVERSE_PARAMETER_GENERATOR,10,10,true
pgc_r03_g5a_u08_5a08_mixed_ab240236fdfb,g5a_u08_5a08,mixed,20,DIVERSE_PARAMETER_GENERATOR,10,10,true
pgc_r03_g5a_u08_5a08_mixed_259a4aba3abf,g5a_u08_5a08,mixed,20,DIVERSE_PARAMETER_GENERATOR,10,10,true
pgc_r03_g5a_u08_5a08_mixed_a591dd4e073a,g5a_u08_5a08,mixed,20,DIVERSE_PARAMETER_GENERATOR,10,10,true
pgc_r03_g5a_u08_5a08_mixed_23b6c66fd6f7,g5a_u08_5a08,mixed,20,DIVERSE_PARAMETER_GENERATOR,10,10,true
pgc_r03_g5a_u08_5a08_mixed_1163e852f65b,g5a_u08_5a08,mixed,20,DIVERSE_PARAMETER_GENERATOR,10,10,true
pgc_r03_g5a_u08_5a08_mixed_69590d09d9e7,g5a_u08_5a08,mixed,20,DIVERSE_PARAMETER_GENERATOR,10,10,true
pgc_r03_g5a_u08_5a08_mixed_811b64d05ee9,g5a_u08_5a08,mixed,20,DIVERSE_PARAMETER_GENERATOR,10,10,true
pgc_r03_g5a_u08_5a08_mixed_35fffe5ca957,g5a_u08_5a08,mixed,20,DIVERSE_PARAMETER_GENERATOR,10,10,true
pgc_r03_g5a_u08_5a08_mixed_64762457c279,g5a_u08_5a08,mixed,20,DIVERSE_PARAMETER_GENERATOR,10,10,true
pgc_r03_g5a_u08_5a08_mixed_bce15caf2630,g5a_u08_5a08,mixed,20,DIVERSE_PARAMETER_GENERATOR,10,10,true
pgc_r03_g5a_u08_5a08_mixed_31a657975e4c,g5a_u08_5a08,mixed,20,DIVERSE_PARAMETER_GENERATOR,10,10,true
pgc_r03_g5a_u08_5a08_mixed_5a6bf9ce2987,g5a_u08_5a08,mixed,20,DIVERSE_PARAMETER_GENERATOR,10,10,true
pgc_r03_g5a_u08_5a08_application_62c2c6d4b3d2,g5a_u08_5a08,application,20,DIVERSE_PARAMETER_GENERATOR,10,10,true
pgc_r03_g5a_u08_5a08_application_0a07b3c498fe,g5a_u08_5a08,application,20,DIVERSE_PARAMETER_GENERATOR,10,10,true
pgc_r03_g5a_u08_5a08_application_f17c73b42c22,g5a_u08_5a08,application,20,DIVERSE_PARAMETER_GENERATOR,10,10,true
pgc_r03_g5a_u08_5a08_application_df56021704c7,g5a_u08_5a08,application,20,DIVERSE_PARAMETER_GENERATOR,10,10,true
pgc_r03_g5a_u08_5a08_application_76af5fbb1e95,g5a_u08_5a08,application,20,DIVERSE_PARAMETER_GENERATOR,10,10,true
pgc_r03_g5a_u08_5a08_application_3245dbfb6e66,g5a_u08_5a08,application,20,DIVERSE_PARAMETER_GENERATOR,10,10,true
pgc_r03_g5a_u08_5a08_application_0be89cdbca37,g5a_u08_5a08,application,20,DIVERSE_PARAMETER_GENERATOR,10,10,true
pgc_r03_g5a_u08_5a08_application_7b719411c06c,g5a_u08_5a08,application,20,DIVERSE_PARAMETER_GENERATOR,10,10,true
pgc_r03_g5a_u08_5a08_application_124a66e1a40a,g5a_u08_5a08,application,20,DIVERSE_PARAMETER_GENERATOR,10,10,true
pgc_r03_g5a_u08_5a08_mixed_8c1073cc7b67,g5a_u08_5a08,mixed,20,DIVERSE_PARAMETER_GENERATOR,10,10,true
pgc_r03_g5a_u08_5a08_mixed_4b35981f3d9d,g5a_u08_5a08,mixed,20,DIVERSE_PARAMETER_GENERATOR,10,10,true
pgc_r03_g5a_u08_5a08_mixed_7b8e54d3ddbb,g5a_u08_5a08,mixed,20,DIVERSE_PARAMETER_GENERATOR,10,10,true
pgc_r03_g5a_u08_5a08_mixed_1e508642f60f,g5a_u08_5a08,mixed,20,DIVERSE_PARAMETER_GENERATOR,10,10,true
pgc_r03_g5a_u08_5a08_mixed_df1e4de09f09,g5a_u08_5a08,mixed,20,DIVERSE_PARAMETER_GENERATOR,10,10,true
pgc_r03_g5a_u08_5a08_mixed_efaaf0b6fdff,g5a_u08_5a08,mixed,20,DIVERSE_PARAMETER_GENERATOR,10,10,true
pgc_r03_g5a_u08_5a08_mixed_ffc2640d14a6,g5a_u08_5a08,mixed,20,DIVERSE_PARAMETER_GENERATOR,10,10,true
pgc_r03_g5a_u08_5a08_mixed_2d80c3530e2c,g5a_u08_5a08,mixed,20,DIVERSE_PARAMETER_GENERATOR,10,10,true
pgc_r03_g5a_u08_5a08_mixed_544d77497329,g5a_u08_5a08,mixed,20,DIVERSE_PARAMETER_GENERATOR,10,10,true
pgc_r03_g5a_u08_5a08_mixed_4bae14c0fbdf,g5a_u08_5a08,mixed,20,DIVERSE_PARAMETER_GENERATOR,10,10,true
pgc_r03_g5a_u08_5a08_mixed_68be55a2dd8a,g5a_u08_5a08,mixed,20,DIVERSE_PARAMETER_GENERATOR,10,10,true
pgc_r03_g5a_u08_5a08_mixed_543e39326bd9,g5a_u08_5a08,mixed,20,DIVERSE_PARAMETER_GENERATOR,10,10,true
pgc_r03_g5a_u08_5a08_mixed_cd244819e6ff,g5a_u08_5a08,mixed,20,DIVERSE_PARAMETER_GENERATOR,10,10,true
pgc_r03_g5a_u08_5a08_mixed_abc222a95087,g5a_u08_5a08,mixed,20,DIVERSE_PARAMETER_GENERATOR,10,10,true
pgc_r03_g5a_u08_5a08_mixed_4715839c9573,g5a_u08_5a08,mixed,20,DIVERSE_PARAMETER_GENERATOR,10,10,true
pgc_r03_g5a_u08_5a08_mixed_7e4d9e817bab,g5a_u08_5a08,mixed,20,DIVERSE_PARAMETER_GENERATOR,10,10,true
pgc_r03_g5a_u08_5a08_mixed_66a8faf1fd92,g5a_u08_5a08,mixed,20,DIVERSE_PARAMETER_GENERATOR,10,10,true
pgc_r03_g5a_u08_5a08_mixed_c739bff5f9d9,g5a_u08_5a08,mixed,20,DIVERSE_PARAMETER_GENERATOR,10,10,true
pgc_r03_g5a_u08_5a08_mixed_e740169dad50,g5a_u08_5a08,mixed,19,DIVERSE_PARAMETER_GENERATOR,10,10,true
pgc_r03_g5a_u08_5a08_mixed_86a174b47b9f,g5a_u08_5a08,mixed,17,DIVERSE_PARAMETER_GENERATOR,10,10,true
pgc_r03_g5a_u08_5a08_mixed_b6ab4af0b904,g5a_u08_5a08,mixed,18,DIVERSE_PARAMETER_GENERATOR,10,10,true
pgc_r03_g5a_u08_5a08_mixed_4b49dbed03dc,g5a_u08_5a08,mixed,20,DIVERSE_PARAMETER_GENERATOR,10,10,true
pgc_r03_g5a_u08_5a08_mixed_1fb7a8c1971e,g5a_u08_5a08,mixed,19,DIVERSE_PARAMETER_GENERATOR,10,10,true
pgc_r03_g5a_u08_5a08_mixed_f448c76adcde,g5a_u08_5a08,mixed,19,DIVERSE_PARAMETER_GENERATOR,10,10,true
pgc_r03_g5a_u08_5a08_mixed_6d97ce61d6e5,g5a_u08_5a08,mixed,19,DIVERSE_PARAMETER_GENERATOR,10,10,true
pgc_r03_g5a_u08_5a08_mixed_92a99fb298de,g5a_u08_5a08,mixed,17,DIVERSE_PARAMETER_GENERATOR,10,10,true
pgc_r03_g5a_u08_5a08_mixed_2339c4d79e58,g5a_u08_5a08,mixed,18,DIVERSE_PARAMETER_GENERATOR,10,10,true
pgc_r03_g5a_u08_5a08_mixed_b7a4aac306f0,g5a_u08_5a08,mixed,19,DIVERSE_PARAMETER_GENERATOR,10,10,true
pgc_r03_g5a_u08_5a08_mixed_a88fa1b0f7ba,g5a_u08_5a08,mixed,17,DIVERSE_PARAMETER_GENERATOR,10,10,true
pgc_r03_g5a_u08_5a08_mixed_e2e5ef77d0c5,g5a_u08_5a08,mixed,18,DIVERSE_PARAMETER_GENERATOR,10,10,true
pgc_r03_g5a_u08_5a08_application_3a286699a4da,g5a_u08_5a08,application,20,DIVERSE_PARAMETER_GENERATOR,10,10,true
pgc_r03_g5a_u08_5a08_application_3ec5ea10378a,g5a_u08_5a08,application,20,DIVERSE_PARAMETER_GENERATOR,10,10,true
pgc_r03_g5a_u08_5a08_application_6a46343033cb,g5a_u08_5a08,application,20,DIVERSE_PARAMETER_GENERATOR,10,10,true
pgc_r03_g5a_u08_5a08_application_0ea6759b0c8d,g5a_u08_5a08,application,20,DIVERSE_PARAMETER_GENERATOR,10,10,true
pgc_r03_g5a_u08_5a08_application_8c256beb697c,g5a_u08_5a08,application,20,DIVERSE_PARAMETER_GENERATOR,10,10,true
pgc_r03_g5a_u08_5a08_application_914ffeeae0aa,g5a_u08_5a08,application,20,DIVERSE_PARAMETER_GENERATOR,10,10,true
pgc_r03_g5a_u08_5a08_application_38d6f8962519,g5a_u08_5a08,application,20,DIVERSE_PARAMETER_GENERATOR,10,10,true
pgc_r03_g5a_u08_5a08_application_c47cb28f3b46,g5a_u08_5a08,application,20,DIVERSE_PARAMETER_GENERATOR,10,10,true
pgc_r03_g5a_u08_5a08_application_0bfd88403063,g5a_u08_5a08,application,20,DIVERSE_PARAMETER_GENERATOR,10,10,true
pgc_r03_g5a_u08_5a08_mixed_9e2cf50b47fe,g5a_u08_5a08,mixed,20,DIVERSE_PARAMETER_GENERATOR,10,10,true
pgc_r03_g5a_u08_5a08_mixed_d191034982f5,g5a_u08_5a08,mixed,20,DIVERSE_PARAMETER_GENERATOR,10,10,true
pgc_r03_g5a_u08_5a08_mixed_a265babdae9f,g5a_u08_5a08,mixed,20,DIVERSE_PARAMETER_GENERATOR,10,10,true
pgc_r03_g5a_u08_5a08_mixed_98ae4f972443,g5a_u08_5a08,mixed,20,DIVERSE_PARAMETER_GENERATOR,10,10,true
pgc_r03_g5a_u08_5a08_mixed_1471b7a75d2c,g5a_u08_5a08,mixed,20,DIVERSE_PARAMETER_GENERATOR,10,10,true
pgc_r03_g5a_u08_5a08_mixed_66876278ca63,g5a_u08_5a08,mixed,20,DIVERSE_PARAMETER_GENERATOR,10,10,true
pgc_r03_g5a_u08_5a08_reasoning_131ce086317b,g5a_u08_5a08,reasoning,20,DIVERSE_PARAMETER_GENERATOR,10,10,true
pgc_r03_g5a_u08_5a08_reasoning_e1bff69d7e1c,g5a_u08_5a08,reasoning,20,DIVERSE_PARAMETER_GENERATOR,10,10,true
pgc_r03_g5a_u08_5a08_reasoning_fa0ac27a83ca,g5a_u08_5a08,reasoning,20,DIVERSE_PARAMETER_GENERATOR,10,10,true
pgc_r03_g5a_u08_5a08_reasoning_dca767a63d18,g5a_u08_5a08,reasoning,20,DIVERSE_PARAMETER_GENERATOR,10,10,true
pgc_r03_g5a_u08_5a08_reasoning_9605a59b00b0,g5a_u08_5a08,reasoning,20,DIVERSE_PARAMETER_GENERATOR,10,10,true
pgc_r03_g5a_u08_5a08_reasoning_cb74e9f842ca,g5a_u08_5a08,reasoning,20,DIVERSE_PARAMETER_GENERATOR,10,10,true
pgc_r03_g5a_u08_5a08_mixed_eda025387629,g5a_u08_5a08,mixed,20,DIVERSE_PARAMETER_GENERATOR,10,10,true
pgc_r03_g5a_u08_5a08_mixed_34da1d99d874,g5a_u08_5a08,mixed,20,DIVERSE_PARAMETER_GENERATOR,10,10,true
pgc_r03_g5a_u08_5a08_mixed_d6c8d92c3490,g5a_u08_5a08,mixed,20,DIVERSE_PARAMETER_GENERATOR,10,10,true
pgc_r03_g5a_u08_5a08_mixed_22cc2a4fb1f4,g5a_u08_5a08,mixed,20,DIVERSE_PARAMETER_GENERATOR,10,10,true
pgc_r03_g5a_u08_5a08_mixed_7f4cfea27a08,g5a_u08_5a08,mixed,20,DIVERSE_PARAMETER_GENERATOR,10,10,true
pgc_r03_g5a_u08_5a08_mixed_4c8f8e406f9a,g5a_u08_5a08,mixed,20,DIVERSE_PARAMETER_GENERATOR,10,10,true
pgc_r03_g5a_u08_5a08_reasoning_df04d1808a38,g5a_u08_5a08,reasoning,20,DIVERSE_PARAMETER_GENERATOR,10,10,true
pgc_r03_g5a_u08_5a08_reasoning_95a39982e64d,g5a_u08_5a08,reasoning,20,DIVERSE_PARAMETER_GENERATOR,10,10,true
pgc_r03_g5a_u08_5a08_reasoning_d75936c95c7f,g5a_u08_5a08,reasoning,20,DIVERSE_PARAMETER_GENERATOR,10,10,true
pgc_r03_g5a_u08_5a08_reasoning_1230171873ab,g5a_u08_5a08,reasoning,20,DIVERSE_PARAMETER_GENERATOR,10,10,true
pgc_r03_g5a_u08_5a08_reasoning_1c534df83194,g5a_u08_5a08,reasoning,20,DIVERSE_PARAMETER_GENERATOR,10,10,true
pgc_r03_g5a_u08_5a08_reasoning_9fcbaa42dbeb,g5a_u08_5a08,reasoning,20,DIVERSE_PARAMETER_GENERATOR,10,10,true
pgc_r03_g5a_u08_5a08_mixed_80f0dc9de5c8,g5a_u08_5a08,mixed,20,DIVERSE_PARAMETER_GENERATOR,10,10,true
pgc_r03_g5a_u08_5a08_mixed_0f301dded3e7,g5a_u08_5a08,mixed,20,DIVERSE_PARAMETER_GENERATOR,10,10,true
pgc_r03_g5a_u08_5a08_mixed_97eb7b0cbba7,g5a_u08_5a08,mixed,20,DIVERSE_PARAMETER_GENERATOR,10,10,true
pgc_r03_g5a_u08_5a08_mixed_870553159e1c,g5a_u08_5a08,mixed,20,DIVERSE_PARAMETER_GENERATOR,10,10,true
pgc_r03_g5a_u08_5a08_mixed_74a7572c9a3a,g5a_u08_5a08,mixed,20,DIVERSE_PARAMETER_GENERATOR,10,10,true
pgc_r03_g5a_u08_5a08_mixed_9066722c0e13,g5a_u08_5a08,mixed,20,DIVERSE_PARAMETER_GENERATOR,10,10,true
pgc_r03_g5a_u08_5a08_mixed_0b30b457558e,g5a_u08_5a08,mixed,20,DIVERSE_PARAMETER_GENERATOR,10,10,true
pgc_r03_g5a_u08_5a08_mixed_27d3425e9a83,g5a_u08_5a08,mixed,20,DIVERSE_PARAMETER_GENERATOR,10,10,true
pgc_r03_g5a_u08_5a08_mixed_9e6cef389f24,g5a_u08_5a08,mixed,20,DIVERSE_PARAMETER_GENERATOR,10,10,true
pgc_r03_g5a_u08_5a08_mixed_c0661dd08a07,g5a_u08_5a08,mixed,20,DIVERSE_PARAMETER_GENERATOR,10,10,true
pgc_r03_g5a_u08_5a08_mixed_1c886d8a1166,g5a_u08_5a08,mixed,20,DIVERSE_PARAMETER_GENERATOR,10,10,true
pgc_r03_g5a_u08_5a08_mixed_8d64515142fd,g5a_u08_5a08,mixed,20,DIVERSE_PARAMETER_GENERATOR,10,10,true
pgc_r03_g5a_u08_5a08_mixed_a0c26dfa4c08,g5a_u08_5a08,mixed,20,DIVERSE_PARAMETER_GENERATOR,10,10,true
pgc_r03_g5a_u08_5a08_mixed_a5647c177820,g5a_u08_5a08,mixed,20,DIVERSE_PARAMETER_GENERATOR,10,10,true
pgc_r03_g5a_u08_5a08_mixed_d4b7a4534e9e,g5a_u08_5a08,mixed,20,DIVERSE_PARAMETER_GENERATOR,10,10,true
pgc_r03_g5a_u08_5a08_mixed_a6e8c7653c7e,g5a_u08_5a08,mixed,20,DIVERSE_PARAMETER_GENERATOR,10,10,true
pgc_r03_g5a_u08_5a08_mixed_647318971c3b,g5a_u08_5a08,mixed,20,DIVERSE_PARAMETER_GENERATOR,10,10,true
pgc_r03_g5a_u08_5a08_mixed_6fc0e47ec628,g5a_u08_5a08,mixed,20,DIVERSE_PARAMETER_GENERATOR,10,10,true
pgc_r03_g5a_u08_5a08_application_1509caaa79a2,g5a_u08_5a08,application,20,DIVERSE_PARAMETER_GENERATOR,10,10,true
pgc_r03_g5a_u08_5a08_application_1b03f9dfb06a,g5a_u08_5a08,application,20,DIVERSE_PARAMETER_GENERATOR,10,10,true
pgc_r03_g5a_u08_5a08_application_bdbb485ab4a1,g5a_u08_5a08,application,20,DIVERSE_PARAMETER_GENERATOR,10,10,true
pgc_r03_g5a_u08_5a08_application_538c777408bc,g5a_u08_5a08,application,20,DIVERSE_PARAMETER_GENERATOR,10,10,true
pgc_r03_g5a_u08_5a08_application_459b265759f8,g5a_u08_5a08,application,20,DIVERSE_PARAMETER_GENERATOR,10,10,true
pgc_r03_g5a_u08_5a08_application_2e0f9ecbb5f9,g5a_u08_5a08,application,20,DIVERSE_PARAMETER_GENERATOR,10,10,true
pgc_r03_g5a_u08_5a08_application_0e1bf11cb01d,g5a_u08_5a08,application,20,DIVERSE_PARAMETER_GENERATOR,10,10,true
pgc_r03_g5a_u08_5a08_application_c81856a6f598,g5a_u08_5a08,application,20,DIVERSE_PARAMETER_GENERATOR,10,10,true
pgc_r03_g5a_u08_5a08_application_f429be803473,g5a_u08_5a08,application,20,DIVERSE_PARAMETER_GENERATOR,10,10,true
pgc_r03_g5a_u08_5a08_reasoning_932fafe28884,g5a_u08_5a08,reasoning,20,DIVERSE_PARAMETER_GENERATOR,10,10,true
pgc_r03_g5a_u08_5a08_reasoning_3c0f1e6affa6,g5a_u08_5a08,reasoning,20,DIVERSE_PARAMETER_GENERATOR,10,10,true
pgc_r03_g5a_u08_5a08_reasoning_ffefa06643d9,g5a_u08_5a08,reasoning,20,DIVERSE_PARAMETER_GENERATOR,10,10,true
pgc_r03_g5a_u08_5a08_reasoning_3eb8bea01d55,g5a_u08_5a08,reasoning,20,DIVERSE_PARAMETER_GENERATOR,10,10,true
pgc_r03_g5a_u08_5a08_reasoning_d7bb60bdbd46,g5a_u08_5a08,reasoning,20,DIVERSE_PARAMETER_GENERATOR,10,10,true
pgc_r03_g5a_u08_5a08_reasoning_c00ecc977f38,g5a_u08_5a08,reasoning,20,DIVERSE_PARAMETER_GENERATOR,10,10,true
pgc_r03_g5a_u08_5a08_mixed_94edea5b886b,g5a_u08_5a08,mixed,20,DIVERSE_PARAMETER_GENERATOR,10,10,true
pgc_r03_g5a_u08_5a08_mixed_b0162eef870d,g5a_u08_5a08,mixed,20,DIVERSE_PARAMETER_GENERATOR,10,10,true
pgc_r03_g5a_u08_5a08_mixed_4cc273de74ca,g5a_u08_5a08,mixed,20,DIVERSE_PARAMETER_GENERATOR,10,10,true
pgc_r03_g5a_u08_5a08_mixed_b8a275fe12d9,g5a_u08_5a08,mixed,20,DIVERSE_PARAMETER_GENERATOR,10,10,true
pgc_r03_g5a_u08_5a08_mixed_f8e5faed424a,g5a_u08_5a08,mixed,20,DIVERSE_PARAMETER_GENERATOR,10,10,true
pgc_r03_g5a_u08_5a08_mixed_665034e10491,g5a_u08_5a08,mixed,20,DIVERSE_PARAMETER_GENERATOR,10,10,true
pgc_r03_g5a_u08_5a08_mixed_6e5017088338,g5a_u08_5a08,mixed,20,DIVERSE_PARAMETER_GENERATOR,10,10,true
pgc_r03_g5a_u08_5a08_mixed_c153f5f9855b,g5a_u08_5a08,mixed,19,DIVERSE_PARAMETER_GENERATOR,10,10,true
pgc_r03_g5a_u08_5a08_mixed_e11f607039f6,g5a_u08_5a08,mixed,20,DIVERSE_PARAMETER_GENERATOR,10,10,true
pgc_r03_g5a_u08_5a08_reasoning_954623bd4403,g5a_u08_5a08,reasoning,20,DIVERSE_PARAMETER_GENERATOR,10,10,true
pgc_r03_g5a_u08_5a08_reasoning_ae16e72fb183,g5a_u08_5a08,reasoning,20,DIVERSE_PARAMETER_GENERATOR,10,10,true
pgc_r03_g5a_u08_5a08_reasoning_bca6cc3e9d2a,g5a_u08_5a08,reasoning,20,DIVERSE_PARAMETER_GENERATOR,10,10,true
pgc_r03_g5a_u08_5a08_reasoning_0efbf0e4b052,g5a_u08_5a08,reasoning,20,DIVERSE_PARAMETER_GENERATOR,10,10,true
pgc_r03_g5a_u08_5a08_reasoning_ef1632735cc9,g5a_u08_5a08,reasoning,20,DIVERSE_PARAMETER_GENERATOR,10,10,true
pgc_r03_g5a_u08_5a08_reasoning_743a23034b63,g5a_u08_5a08,reasoning,20,DIVERSE_PARAMETER_GENERATOR,10,10,true
pgc_r03_g5a_u08_5a08_reasoning_ba667f0feceb,g5a_u08_5a08,reasoning,20,DIVERSE_PARAMETER_GENERATOR,10,10,true
pgc_r03_g5a_u08_5a08_reasoning_9756d9721051,g5a_u08_5a08,reasoning,20,DIVERSE_PARAMETER_GENERATOR,10,10,true
pgc_r03_g5a_u08_5a08_reasoning_e3f3f605f393,g5a_u08_5a08,reasoning,20,DIVERSE_PARAMETER_GENERATOR,10,10,true
pgc_r03_g4b_u04_4b04_mixed_5d1dafa79a5f,g4b_u04_4b04,mixed,20,DIVERSE_PARAMETER_GENERATOR,10,10,true
pgc_r03_g4b_u04_4b04_mixed_40e7ca1864e4,g4b_u04_4b04,mixed,20,DIVERSE_PARAMETER_GENERATOR,10,10,true
pgc_r03_g4b_u04_4b04_mixed_5cdd776832e9,g4b_u04_4b04,mixed,20,DIVERSE_PARAMETER_GENERATOR,10,10,true
pgc_r03_g4b_u04_4b04_concept_3e89ce4e26de,g4b_u04_4b04,concept,20,DIVERSE_PARAMETER_GENERATOR,10,10,true
pgc_r03_g4b_u04_4b04_numeric_a8f52c0b80de,g4b_u04_4b04,numeric,20,DIVERSE_PARAMETER_GENERATOR,10,10,true
pgc_r03_g4b_u04_4b04_application_26537869ba0a,g4b_u04_4b04,application,20,DIVERSE_PARAMETER_GENERATOR,10,10,true
pgc_r03_g4b_u04_4b04_application_62e2a3f5cf58,g4b_u04_4b04,application,20,DIVERSE_PARAMETER_GENERATOR,10,10,true
pgc_r03_g4b_u04_4b04_application_3d35ee525e64,g4b_u04_4b04,application,20,DIVERSE_PARAMETER_GENERATOR,10,10,true
pgc_r03_g4b_u04_4b04_operation_estimation_e69259837a36,g4b_u04_4b04,operation_estimation,20,DIVERSE_PARAMETER_GENERATOR,10,10,true
pgc_r03_g4b_u04_4b04_reasoning_d2fb73b68352,g4b_u04_4b04,reasoning,20,DIVERSE_PARAMETER_GENERATOR,10,10,true
pgc_r03_g4b_u04_4b04_reasoning_b84039ea5e6c,g4b_u04_4b04,reasoning,20,DIVERSE_PARAMETER_GENERATOR,10,10,true
pgc_r03_g4b_u04_4b04_reasoning_94445c2a4c53,g4b_u04_4b04,reasoning,20,DIVERSE_PARAMETER_GENERATOR,10,10,true
pgc_r03_g4b_u04_4b04_pbl_1b228f57b05b,g4b_u04_4b04,pbl,20,FIXTURE_SELECTOR,1,1,false
pgc_r03_g4b_u04_4b04_pbl_4e99e7e8fb6e,g4b_u04_4b04,pbl,20,FIXTURE_SELECTOR,1,1,false
pgc_r03_g4b_u04_4b04_pbl_9e62e1aef141,g4b_u04_4b04,pbl,20,FIXTURE_SELECTOR,1,1,false
pgc_r03_g4b_u04_4b04_mixed_f6e2a0410c10,g4b_u04_4b04,mixed,20,DIVERSE_PARAMETER_GENERATOR,10,10,true
pgc_r03_g4b_u04_4b04_mixed_2dddfaf860ad,g4b_u04_4b04,mixed,20,DIVERSE_PARAMETER_GENERATOR,10,10,true
pgc_r03_g4b_u04_4b04_mixed_c7d9ddb72c7a,g4b_u04_4b04,mixed,20,DIVERSE_PARAMETER_GENERATOR,10,10,true
pgc_r03_g4b_u04_4b04_concept_6945dff6726b,g4b_u04_4b04,concept,20,DIVERSE_PARAMETER_GENERATOR,10,10,true
pgc_r03_g4b_u04_4b04_mixed_a56e4df5f965,g4b_u04_4b04,mixed,1,FIXTURE_SELECTOR,1,1,false
pgc_r03_g4b_u04_4b04_mixed_a45f804b3a31,g4b_u04_4b04,mixed,1,FIXTURE_SELECTOR,1,1,false
pgc_r03_g4b_u04_4b04_mixed_473626f19ede,g4b_u04_4b04,mixed,1,FIXTURE_SELECTOR,1,1,false
pgc_r03_g4b_u04_4b04_concept_56468f5e76d3,g4b_u04_4b04,concept,1,FIXTURE_SELECTOR,1,1,false
pgc_r03_g4b_u04_4b04_mixed_c62ee372a58a,g4b_u04_4b04,mixed,20,DIVERSE_PARAMETER_GENERATOR,10,10,true
pgc_r03_g4b_u04_4b04_mixed_30147614dbe5,g4b_u04_4b04,mixed,20,DIVERSE_PARAMETER_GENERATOR,10,10,true
pgc_r03_g4b_u04_4b04_mixed_9dcc6db5dad9,g4b_u04_4b04,mixed,20,DIVERSE_PARAMETER_GENERATOR,10,10,true
pgc_r03_g4b_u04_4b04_concept_45d7a345772f,g4b_u04_4b04,concept,20,DIVERSE_PARAMETER_GENERATOR,10,10,true
pgc_r03_g4b_u04_4b04_mixed_8beaaac6ca4d,g4b_u04_4b04,mixed,20,DIVERSE_PARAMETER_GENERATOR,10,10,true
pgc_r03_g4b_u04_4b04_mixed_207932e1c8c3,g4b_u04_4b04,mixed,20,DIVERSE_PARAMETER_GENERATOR,10,10,true
pgc_r03_g4b_u04_4b04_mixed_cb39df806a6c,g4b_u04_4b04,mixed,20,DIVERSE_PARAMETER_GENERATOR,10,10,true
pgc_r03_g4b_u04_4b04_numeric_130cb3926583,g4b_u04_4b04,numeric,20,DIVERSE_PARAMETER_GENERATOR,10,10,true
pgc_r03_g4b_u04_4b04_mixed_1ea12fd5512b,g4b_u04_4b04,mixed,20,DIVERSE_PARAMETER_GENERATOR,10,10,true
pgc_r03_g4b_u04_4b04_mixed_31c6f9d41ec5,g4b_u04_4b04,mixed,20,DIVERSE_PARAMETER_GENERATOR,10,10,true
pgc_r03_g4b_u04_4b04_mixed_cc0cbde29559,g4b_u04_4b04,mixed,20,DIVERSE_PARAMETER_GENERATOR,10,10,true
pgc_r03_g4b_u04_4b04_numeric_2cecc86ef308,g4b_u04_4b04,numeric,20,DIVERSE_PARAMETER_GENERATOR,10,10,true
pgc_r03_g4b_u04_4b04_mixed_1b49b99a9564,g4b_u04_4b04,mixed,20,DIVERSE_PARAMETER_GENERATOR,10,10,true
pgc_r03_g4b_u04_4b04_mixed_18d5e4698d52,g4b_u04_4b04,mixed,20,DIVERSE_PARAMETER_GENERATOR,10,10,true
pgc_r03_g4b_u04_4b04_mixed_be2c2bcb8ecb,g4b_u04_4b04,mixed,20,DIVERSE_PARAMETER_GENERATOR,10,10,true
pgc_r03_g4b_u04_4b04_numeric_6f942622bcfe,g4b_u04_4b04,numeric,20,DIVERSE_PARAMETER_GENERATOR,10,10,true
pgc_r03_g4b_u04_4b04_mixed_ddd7565fc44f,g4b_u04_4b04,mixed,20,DIVERSE_PARAMETER_GENERATOR,10,10,true
pgc_r03_g4b_u04_4b04_mixed_328599fcfb5a,g4b_u04_4b04,mixed,20,DIVERSE_PARAMETER_GENERATOR,10,10,true
pgc_r03_g4b_u04_4b04_mixed_e309873ec048,g4b_u04_4b04,mixed,20,DIVERSE_PARAMETER_GENERATOR,10,10,true
pgc_r03_g4b_u04_4b04_application_3a8d70cc012a,g4b_u04_4b04,application,20,DIVERSE_PARAMETER_GENERATOR,10,10,true
pgc_r03_g4b_u04_4b04_application_e767ebe486ee,g4b_u04_4b04,application,20,DIVERSE_PARAMETER_GENERATOR,10,10,true
pgc_r03_g4b_u04_4b04_application_dba5ddfbb4a9,g4b_u04_4b04,application,20,DIVERSE_PARAMETER_GENERATOR,10,10,true
pgc_r03_g4b_u04_4b04_mixed_60e4a418a82d,g4b_u04_4b04,mixed,20,DIVERSE_PARAMETER_GENERATOR,10,10,true
pgc_r03_g4b_u04_4b04_mixed_321529be8b1f,g4b_u04_4b04,mixed,20,DIVERSE_PARAMETER_GENERATOR,10,10,true
pgc_r03_g4b_u04_4b04_mixed_a694c8448dc5,g4b_u04_4b04,mixed,20,DIVERSE_PARAMETER_GENERATOR,10,10,true
pgc_r03_g4b_u04_4b04_application_77969abcbeba,g4b_u04_4b04,application,20,DIVERSE_PARAMETER_GENERATOR,10,10,true
pgc_r03_g4b_u04_4b04_application_b291ed7f35f0,g4b_u04_4b04,application,20,DIVERSE_PARAMETER_GENERATOR,10,10,true
pgc_r03_g4b_u04_4b04_application_b8ab0c4fcb16,g4b_u04_4b04,application,20,DIVERSE_PARAMETER_GENERATOR,10,10,true
pgc_r03_g4b_u04_4b04_mixed_b41626bafe6d,g4b_u04_4b04,mixed,20,DIVERSE_PARAMETER_GENERATOR,10,10,true
pgc_r03_g4b_u04_4b04_mixed_cb66f7abd25c,g4b_u04_4b04,mixed,20,DIVERSE_PARAMETER_GENERATOR,10,10,true
pgc_r03_g4b_u04_4b04_mixed_1dbeb79728ad,g4b_u04_4b04,mixed,20,DIVERSE_PARAMETER_GENERATOR,10,10,true
pgc_r03_g4b_u04_4b04_operation_estimation_50dce0988f89,g4b_u04_4b04,operation_estimation,20,DIVERSE_PARAMETER_GENERATOR,10,10,true
pgc_r03_g4b_u04_4b04_mixed_e6efaf5213a6,g4b_u04_4b04,mixed,20,DIVERSE_PARAMETER_GENERATOR,10,10,true
pgc_r03_g4b_u04_4b04_mixed_f4a0e47fa01e,g4b_u04_4b04,mixed,20,DIVERSE_PARAMETER_GENERATOR,10,10,true
pgc_r03_g4b_u04_4b04_mixed_716e51d54b6e,g4b_u04_4b04,mixed,20,DIVERSE_PARAMETER_GENERATOR,10,10,true
pgc_r03_g4b_u04_4b04_operation_estimation_b0683993fa6a,g4b_u04_4b04,operation_estimation,20,DIVERSE_PARAMETER_GENERATOR,10,10,true
pgc_r03_g4b_u04_4b04_mixed_d81c71e11157,g4b_u04_4b04,mixed,12,FIXTURE_SELECTOR,1,10,false
pgc_r03_g4b_u04_4b04_mixed_a623c0374400,g4b_u04_4b04,mixed,12,FIXTURE_SELECTOR,1,10,false
pgc_r03_g4b_u04_4b04_mixed_9b10d25462b6,g4b_u04_4b04,mixed,12,FIXTURE_SELECTOR,1,10,false
pgc_r03_g4b_u04_4b04_reasoning_a61c663f2ea9,g4b_u04_4b04,reasoning,12,FIXTURE_SELECTOR,1,10,false
pgc_r03_g4b_u04_4b04_reasoning_fbdaee663f87,g4b_u04_4b04,reasoning,12,FIXTURE_SELECTOR,1,10,false
pgc_r03_g4b_u04_4b04_reasoning_4ab8363fe09f,g4b_u04_4b04,reasoning,12,FIXTURE_SELECTOR,1,10,false
pgc_r03_g4b_u04_4b04_mixed_7852d15a264d,g4b_u04_4b04,mixed,12,FIXTURE_SELECTOR,1,10,false
pgc_r03_g4b_u04_4b04_mixed_9793ac06b033,g4b_u04_4b04,mixed,12,FIXTURE_SELECTOR,1,10,false
pgc_r03_g4b_u04_4b04_mixed_8ba934385ecd,g4b_u04_4b04,mixed,12,FIXTURE_SELECTOR,1,10,false
pgc_r03_g4b_u04_4b04_reasoning_e0adbd44db8b,g4b_u04_4b04,reasoning,12,FIXTURE_SELECTOR,1,10,false
pgc_r03_g4b_u04_4b04_reasoning_bf41bdbb6ea8,g4b_u04_4b04,reasoning,12,FIXTURE_SELECTOR,1,10,false
pgc_r03_g4b_u04_4b04_reasoning_fed3e04e2432,g4b_u04_4b04,reasoning,12,FIXTURE_SELECTOR,1,10,false
pgc_r03_g4b_u04_4b04_mixed_4dfc489a2819,g4b_u04_4b04,mixed,20,DIVERSE_PARAMETER_GENERATOR,10,10,true
pgc_r03_g4b_u04_4b04_mixed_ba837f11aa3c,g4b_u04_4b04,mixed,20,DIVERSE_PARAMETER_GENERATOR,10,10,true
pgc_r03_g4b_u04_4b04_mixed_0edb00f5bed8,g4b_u04_4b04,mixed,20,DIVERSE_PARAMETER_GENERATOR,10,10,true
pgc_r03_g4b_u04_4b04_application_82a5effd78d7,g4b_u04_4b04,application,20,DIVERSE_PARAMETER_GENERATOR,10,10,true
pgc_r03_g4b_u04_4b04_application_f76b11dab829,g4b_u04_4b04,application,20,DIVERSE_PARAMETER_GENERATOR,10,10,true
pgc_r03_g4b_u04_4b04_application_94e32023d7a8,g4b_u04_4b04,application,20,DIVERSE_PARAMETER_GENERATOR,10,10,true
pgc_r03_g4b_u04_4b04_mixed_4b1489d835af,g4b_u04_4b04,mixed,20,DIVERSE_PARAMETER_GENERATOR,10,10,true
pgc_r03_g4b_u04_4b04_mixed_4ca2a25335c6,g4b_u04_4b04,mixed,20,DIVERSE_PARAMETER_GENERATOR,10,10,true
pgc_r03_g4b_u04_4b04_mixed_2054caa3dfca,g4b_u04_4b04,mixed,20,DIVERSE_PARAMETER_GENERATOR,10,10,true
pgc_r03_g4b_u04_4b04_concept_060501c73634,g4b_u04_4b04,concept,20,DIVERSE_PARAMETER_GENERATOR,10,10,true
pgc_r03_g4b_u04_4b04_numeric_25a0c7414341,g4b_u04_4b04,numeric,20,DIVERSE_PARAMETER_GENERATOR,10,10,true
pgc_r03_g4b_u04_4b04_application_65daa35558a8,g4b_u04_4b04,application,20,DIVERSE_PARAMETER_GENERATOR,10,10,true
pgc_r03_g4b_u04_4b04_application_992032f20132,g4b_u04_4b04,application,20,DIVERSE_PARAMETER_GENERATOR,10,10,true
pgc_r03_g4b_u04_4b04_application_8977aece2491,g4b_u04_4b04,application,20,DIVERSE_PARAMETER_GENERATOR,10,10,true
pgc_r03_g4b_u04_4b04_operation_estimation_5a952bb6bbcf,g4b_u04_4b04,operation_estimation,20,DIVERSE_PARAMETER_GENERATOR,10,10,true
pgc_r03_g4b_u04_4b04_reasoning_0255372b076d,g4b_u04_4b04,reasoning,20,DIVERSE_PARAMETER_GENERATOR,9,10,true
pgc_r03_g4b_u04_4b04_reasoning_81fc3da03c0f,g4b_u04_4b04,reasoning,20,DIVERSE_PARAMETER_GENERATOR,9,10,true
pgc_r03_g4b_u04_4b04_reasoning_4b0249467bc5,g4b_u04_4b04,reasoning,20,DIVERSE_PARAMETER_GENERATOR,9,10,true
pgc_r03_g5a_u02_5a02_mixed_4aee56541a11,g5a_u02_5a02,mixed,20,DIVERSE_PARAMETER_GENERATOR,10,10,true
pgc_r03_g5a_u02_5a02_mixed_d29c15a12772,g5a_u02_5a02,mixed,20,DIVERSE_PARAMETER_GENERATOR,10,10,true
pgc_r03_g5a_u02_5a02_mixed_0414b52fd538,g5a_u02_5a02,mixed,16,DIVERSE_PARAMETER_GENERATOR,10,10,true
pgc_r03_g5a_u02_5a02_mixed_6f6b686bb61d,g5a_u02_5a02,mixed,14,DIVERSE_PARAMETER_GENERATOR,10,10,true
pgc_r03_g5a_u02_5a02_mixed_026e20925977,g5a_u02_5a02,mixed,15,DIVERSE_PARAMETER_GENERATOR,10,10,true
pgc_r03_g5a_u02_5a02_mixed_23882c6dbcb6,g5a_u02_5a02,mixed,20,DIVERSE_PARAMETER_GENERATOR,10,10,true
pgc_r03_g5a_u02_5a02_mixed_155b7a11a4d1,g5a_u02_5a02,mixed,14,DIVERSE_PARAMETER_GENERATOR,10,10,true
pgc_r03_g5a_u02_5a02_mixed_3c54147b154d,g5a_u02_5a02,mixed,14,DIVERSE_PARAMETER_GENERATOR,10,10,true
pgc_r03_g5a_u02_5a02_mixed_4da24bd603ce,g5a_u02_5a02,mixed,12,DIVERSE_PARAMETER_GENERATOR,10,10,true
pgc_r03_g5a_u02_5a02_mixed_2a1156f29970,g5a_u02_5a02,mixed,20,DIVERSE_PARAMETER_GENERATOR,10,10,true
pgc_r03_g5a_u02_5a02_mixed_cfc84e72edd3,g5a_u02_5a02,mixed,14,DIVERSE_PARAMETER_GENERATOR,10,10,true
pgc_r03_g5a_u02_5a02_mixed_7d59509c8110,g5a_u02_5a02,mixed,14,DIVERSE_PARAMETER_GENERATOR,10,10,true
pgc_r03_g5a_u02_5a02_concept_0475992c729f,g5a_u02_5a02,concept,16,DIVERSE_PARAMETER_GENERATOR,10,10,true
pgc_r03_g5a_u02_5a02_numeric_5fd4e7e68270,g5a_u02_5a02,numeric,12,DIVERSE_PARAMETER_GENERATOR,10,10,true
pgc_r03_g5a_u02_5a02_application_9b86fa183ef1,g5a_u02_5a02,application,20,DIVERSE_PARAMETER_GENERATOR,10,10,true
pgc_r03_g5a_u02_5a02_application_b9ea7527439b,g5a_u02_5a02,application,20,DIVERSE_PARAMETER_GENERATOR,10,10,true
pgc_r03_g5a_u02_5a02_application_3343b99321ed,g5a_u02_5a02,application,20,DIVERSE_PARAMETER_GENERATOR,10,10,true
pgc_r03_g5a_u02_5a02_application_1c9080443536,g5a_u02_5a02,application,20,DIVERSE_PARAMETER_GENERATOR,10,10,true
pgc_r03_g5a_u02_5a02_application_985d770c5a99,g5a_u02_5a02,application,20,DIVERSE_PARAMETER_GENERATOR,10,10,true
pgc_r03_g5a_u02_5a02_application_0f781f8e8a1e,g5a_u02_5a02,application,20,DIVERSE_PARAMETER_GENERATOR,10,10,true
pgc_r03_g5a_u02_5a02_application_46bda35b3c7f,g5a_u02_5a02,application,20,DIVERSE_PARAMETER_GENERATOR,10,10,true
pgc_r03_g5a_u02_5a02_application_7ad26b5a5dbd,g5a_u02_5a02,application,20,DIVERSE_PARAMETER_GENERATOR,10,10,true
pgc_r03_g5a_u02_5a02_application_68bc30e4e2f0,g5a_u02_5a02,application,20,DIVERSE_PARAMETER_GENERATOR,10,10,true
pgc_r03_g5a_u02_5a02_reasoning_3fdc8ecf5fa4,g5a_u02_5a02,reasoning,20,DIVERSE_PARAMETER_GENERATOR,10,10,true
pgc_r03_g5a_u02_5a02_reasoning_7de773782a7b,g5a_u02_5a02,reasoning,20,DIVERSE_PARAMETER_GENERATOR,10,10,true
pgc_r03_g5a_u02_5a02_reasoning_de4a58b05e9d,g5a_u02_5a02,reasoning,20,DIVERSE_PARAMETER_GENERATOR,10,10,true
pgc_r03_g5a_u02_5a02_reasoning_644f907f7fe5,g5a_u02_5a02,reasoning,20,DIVERSE_PARAMETER_GENERATOR,10,10,true
pgc_r03_g5a_u02_5a02_pbl_03409cbc10b4,g5a_u02_5a02,pbl,20,FIXTURE_SELECTOR,1,1,false
pgc_r03_g5a_u02_5a02_pbl_9abf58c6b925,g5a_u02_5a02,pbl,20,FIXTURE_SELECTOR,1,1,false
pgc_r03_g5a_u02_5a02_pbl_e2414cd5792f,g5a_u02_5a02,pbl,20,FIXTURE_SELECTOR,1,1,false
pgc_r03_g5a_u02_5a02_pbl_e6a9224f4a9b,g5a_u02_5a02,pbl,20,FIXTURE_SELECTOR,1,1,false
pgc_r03_g5a_u02_5a02_pbl_eb45b235d995,g5a_u02_5a02,pbl,20,FIXTURE_SELECTOR,1,1,false
pgc_r03_g5a_u02_5a02_pbl_d77a5d08d769,g5a_u02_5a02,pbl,20,FIXTURE_SELECTOR,1,1,false
pgc_r03_g5a_u02_5a02_pbl_dbe7d293006e,g5a_u02_5a02,pbl,20,FIXTURE_SELECTOR,1,1,false
pgc_r03_g5a_u02_5a02_pbl_cb87dbe9053a,g5a_u02_5a02,pbl,20,FIXTURE_SELECTOR,1,1,false
pgc_r03_g5a_u02_5a02_pbl_b3971844f8e5,g5a_u02_5a02,pbl,20,FIXTURE_SELECTOR,1,1,false
pgc_r03_g5a_u02_5a02_pbl_e6872a54e149,g5a_u02_5a02,pbl,20,FIXTURE_SELECTOR,1,1,false
pgc_r03_g5a_u02_5a02_pbl_bdaba83351f3,g5a_u02_5a02,pbl,20,FIXTURE_SELECTOR,1,1,false
pgc_r03_g5a_u02_5a02_pbl_b931c2f2c8ce,g5a_u02_5a02,pbl,20,FIXTURE_SELECTOR,1,1,false
pgc_r03_g5a_u02_5a02_mixed_c1e9faeaa57f,g5a_u02_5a02,mixed,8,DIVERSE_PARAMETER_GENERATOR,10,10,true
pgc_r03_g5a_u02_5a02_mixed_91df3cd4c346,g5a_u02_5a02,mixed,8,DIVERSE_PARAMETER_GENERATOR,10,10,true
pgc_r03_g5a_u02_5a02_mixed_a43383ed94db,g5a_u02_5a02,mixed,8,DIVERSE_PARAMETER_GENERATOR,10,10,true
pgc_r03_g5a_u02_5a02_mixed_4295ef463e5e,g5a_u02_5a02,mixed,8,DIVERSE_PARAMETER_GENERATOR,10,10,true
pgc_r03_g5a_u02_5a02_concept_1b098eadc352,g5a_u02_5a02,concept,8,DIVERSE_PARAMETER_GENERATOR,10,10,true
pgc_r03_g5a_u02_5a02_mixed_29f71ea95f6c,g5a_u02_5a02,mixed,8,DIVERSE_PARAMETER_GENERATOR,10,10,true
pgc_r03_g5a_u02_5a02_mixed_7f35706aa394,g5a_u02_5a02,mixed,8,DIVERSE_PARAMETER_GENERATOR,10,10,true
pgc_r03_g5a_u02_5a02_mixed_b0b12702bfac,g5a_u02_5a02,mixed,8,DIVERSE_PARAMETER_GENERATOR,10,10,true
pgc_r03_g5a_u02_5a02_mixed_40ab80775d6e,g5a_u02_5a02,mixed,8,DIVERSE_PARAMETER_GENERATOR,10,10,true
pgc_r03_g5a_u02_5a02_numeric_0992f22fd619,g5a_u02_5a02,numeric,8,DIVERSE_PARAMETER_GENERATOR,10,10,true
pgc_r03_g5a_u02_5a02_mixed_8f8b163cf5d0,g5a_u02_5a02,mixed,8,DIVERSE_PARAMETER_GENERATOR,10,10,true
pgc_r03_g5a_u02_5a02_mixed_3682c45e7772,g5a_u02_5a02,mixed,8,DIVERSE_PARAMETER_GENERATOR,10,10,true
pgc_r03_g5a_u02_5a02_mixed_9aa11fabacdb,g5a_u02_5a02,mixed,8,DIVERSE_PARAMETER_GENERATOR,10,10,true
pgc_r03_g5a_u02_5a02_mixed_dddcf38cc371,g5a_u02_5a02,mixed,8,DIVERSE_PARAMETER_GENERATOR,10,10,true
pgc_r03_g5a_u02_5a02_numeric_ba9975639686,g5a_u02_5a02,numeric,8,DIVERSE_PARAMETER_GENERATOR,10,10,true
pgc_r03_g5a_u02_5a02_mixed_994af9bc0416,g5a_u02_5a02,mixed,8,DIVERSE_PARAMETER_GENERATOR,10,10,true
pgc_r03_g5a_u02_5a02_mixed_c5cd7525db98,g5a_u02_5a02,mixed,8,DIVERSE_PARAMETER_GENERATOR,10,10,true
pgc_r03_g5a_u02_5a02_mixed_44c78b232992,g5a_u02_5a02,mixed,8,DIVERSE_PARAMETER_GENERATOR,10,10,true
pgc_r03_g5a_u02_5a02_mixed_1a0befab7c87,g5a_u02_5a02,mixed,8,DIVERSE_PARAMETER_GENERATOR,10,10,true
pgc_r03_g5a_u02_5a02_mixed_ff85ac7cff13,g5a_u02_5a02,mixed,16,DIVERSE_PARAMETER_GENERATOR,10,10,true
pgc_r03_g5a_u02_5a02_mixed_11dc78975064,g5a_u02_5a02,mixed,16,DIVERSE_PARAMETER_GENERATOR,10,10,true
pgc_r03_g5a_u02_5a02_mixed_87d966f3060d,g5a_u02_5a02,mixed,16,DIVERSE_PARAMETER_GENERATOR,10,10,true
pgc_r03_g5a_u02_5a02_mixed_031eefeb7711,g5a_u02_5a02,mixed,16,DIVERSE_PARAMETER_GENERATOR,10,10,true
pgc_r03_g5a_u02_5a02_reasoning_44174643933d,g5a_u02_5a02,reasoning,16,DIVERSE_PARAMETER_GENERATOR,10,10,true
pgc_r03_g5a_u02_5a02_reasoning_8a6b7a6076c8,g5a_u02_5a02,reasoning,16,DIVERSE_PARAMETER_GENERATOR,10,10,true
pgc_r03_g5a_u02_5a02_reasoning_04b5d453dba1,g5a_u02_5a02,reasoning,16,DIVERSE_PARAMETER_GENERATOR,10,10,true
pgc_r03_g5a_u02_5a02_reasoning_146eeb7c4418,g5a_u02_5a02,reasoning,16,DIVERSE_PARAMETER_GENERATOR,10,10,true
pgc_r03_g5a_u02_5a02_mixed_fec85f2c7873,g5a_u02_5a02,mixed,14,DIVERSE_PARAMETER_GENERATOR,10,10,true
pgc_r03_g5a_u02_5a02_mixed_336c253725d2,g5a_u02_5a02,mixed,14,DIVERSE_PARAMETER_GENERATOR,10,10,true
pgc_r03_g5a_u02_5a02_mixed_1e3c38a51eb2,g5a_u02_5a02,mixed,14,DIVERSE_PARAMETER_GENERATOR,10,10,true
pgc_r03_g5a_u02_5a02_mixed_b2ef31937ed9,g5a_u02_5a02,mixed,14,DIVERSE_PARAMETER_GENERATOR,10,10,true
pgc_r03_g5a_u02_5a02_concept_ae6f61e2ee34,g5a_u02_5a02,concept,16,DIVERSE_PARAMETER_GENERATOR,10,10,true
pgc_r03_g5a_u02_5a02_mixed_866d481e5723,g5a_u02_5a02,mixed,9,DIVERSE_PARAMETER_GENERATOR,9,9,true
pgc_r03_g5a_u02_5a02_mixed_e967d8b1180b,g5a_u02_5a02,mixed,9,DIVERSE_PARAMETER_GENERATOR,9,9,true
pgc_r03_g5a_u02_5a02_mixed_b1cff96674de,g5a_u02_5a02,mixed,5,BOUNDED_DIVERSITY,6,6,false
pgc_r03_g5a_u02_5a02_mixed_72b3c79eb4a1,g5a_u02_5a02,mixed,5,BOUNDED_DIVERSITY,6,6,false
pgc_r03_g5a_u02_5a02_mixed_319cdba8c6af,g5a_u02_5a02,mixed,5,BOUNDED_DIVERSITY,6,6,false
pgc_r03_g5a_u02_5a02_mixed_8f70482689c0,g5a_u02_5a02,mixed,5,BOUNDED_DIVERSITY,6,6,false
pgc_r03_g5a_u02_5a02_application_0e41b6bbcd12,g5a_u02_5a02,application,20,DIVERSE_PARAMETER_GENERATOR,9,9,true
pgc_r03_g5a_u02_5a02_application_aeea91eb2db0,g5a_u02_5a02,application,20,DIVERSE_PARAMETER_GENERATOR,9,9,true
pgc_r03_g5a_u02_5a02_application_cedc8aeaa8a2,g5a_u02_5a02,application,20,DIVERSE_PARAMETER_GENERATOR,6,6,true
pgc_r03_g5a_u02_5a02_application_f1433085b802,g5a_u02_5a02,application,20,DIVERSE_PARAMETER_GENERATOR,6,6,true
pgc_r03_g5a_u02_5a02_application_9c0c742bdbca,g5a_u02_5a02,application,20,DIVERSE_PARAMETER_GENERATOR,6,6,true
pgc_r03_g5a_u02_5a02_application_3f549bdc074b,g5a_u02_5a02,application,20,DIVERSE_PARAMETER_GENERATOR,6,6,true
pgc_r03_g5a_u02_5a02_mixed_7f4419bb331b,g5a_u02_5a02,mixed,15,DIVERSE_PARAMETER_GENERATOR,10,10,true
pgc_r03_g5a_u02_5a02_mixed_14b4855a8de3,g5a_u02_5a02,mixed,15,DIVERSE_PARAMETER_GENERATOR,10,10,true
pgc_r03_g5a_u02_5a02_mixed_f656b24b4148,g5a_u02_5a02,mixed,15,DIVERSE_PARAMETER_GENERATOR,10,10,true
pgc_r03_g5a_u02_5a02_mixed_82829fad625b,g5a_u02_5a02,mixed,15,DIVERSE_PARAMETER_GENERATOR,10,10,true
pgc_r03_g5a_u02_5a02_concept_127020b0d7ef,g5a_u02_5a02,concept,15,DIVERSE_PARAMETER_GENERATOR,10,10,true
pgc_r03_g5a_u02_5a02_mixed_f1cd86b50796,g5a_u02_5a02,mixed,15,DIVERSE_PARAMETER_GENERATOR,10,10,true
pgc_r03_g5a_u02_5a02_mixed_3a795d0898ab,g5a_u02_5a02,mixed,15,DIVERSE_PARAMETER_GENERATOR,10,10,true
pgc_r03_g5a_u02_5a02_mixed_08db83f2b8b4,g5a_u02_5a02,mixed,15,DIVERSE_PARAMETER_GENERATOR,10,10,true
pgc_r03_g5a_u02_5a02_mixed_420c0a74a1ac,g5a_u02_5a02,mixed,15,DIVERSE_PARAMETER_GENERATOR,10,10,true
pgc_r03_g5a_u02_5a02_reasoning_09734a647364,g5a_u02_5a02,reasoning,15,DIVERSE_PARAMETER_GENERATOR,10,10,true
pgc_r03_g5a_u02_5a02_reasoning_348aec123b14,g5a_u02_5a02,reasoning,15,DIVERSE_PARAMETER_GENERATOR,10,10,true
pgc_r03_g5a_u02_5a02_reasoning_e62a4eeeabc5,g5a_u02_5a02,reasoning,15,DIVERSE_PARAMETER_GENERATOR,10,10,true
pgc_r03_g5a_u02_5a02_reasoning_c865b6de3e28,g5a_u02_5a02,reasoning,15,DIVERSE_PARAMETER_GENERATOR,10,10,true
pgc_r03_g5a_u02_5a02_mixed_0af558cd57e7,g5a_u02_5a02,mixed,4,DIVERSE_PARAMETER_GENERATOR,10,10,true
pgc_r03_g5a_u02_5a02_mixed_713966a43bbd,g5a_u02_5a02,mixed,4,DIVERSE_PARAMETER_GENERATOR,10,10,true
pgc_r03_g5a_u02_5a02_mixed_7717949b5db2,g5a_u02_5a02,mixed,4,DIVERSE_PARAMETER_GENERATOR,10,10,true
pgc_r03_g5a_u02_5a02_mixed_d2a2d46e08f3,g5a_u02_5a02,mixed,4,DIVERSE_PARAMETER_GENERATOR,10,10,true
pgc_r03_g5a_u02_5a02_mixed_78ce17c5b46c,g5a_u02_5a02,mixed,20,DIVERSE_PARAMETER_GENERATOR,10,10,true
pgc_r03_g5a_u02_5a02_mixed_1dcc3875c712,g5a_u02_5a02,mixed,20,DIVERSE_PARAMETER_GENERATOR,10,10,true
pgc_r03_g5a_u02_5a02_mixed_7c7a4023242f,g5a_u02_5a02,mixed,20,DIVERSE_PARAMETER_GENERATOR,10,10,true
pgc_r03_g5a_u02_5a02_mixed_687ed62623c3,g5a_u02_5a02,mixed,20,DIVERSE_PARAMETER_GENERATOR,10,10,true
pgc_r03_g5a_u02_5a02_concept_ee1e1b1259da,g5a_u02_5a02,concept,20,DIVERSE_PARAMETER_GENERATOR,10,10,true
pgc_r03_g5a_u02_5a02_mixed_b644a491c7c9,g5a_u02_5a02,mixed,9,DIVERSE_PARAMETER_GENERATOR,10,10,true
pgc_r03_g5a_u02_5a02_mixed_4ebebca1b6c8,g5a_u02_5a02,mixed,9,DIVERSE_PARAMETER_GENERATOR,10,10,true
pgc_r03_g5a_u02_5a02_mixed_2b5fbc4d23b5,g5a_u02_5a02,mixed,9,DIVERSE_PARAMETER_GENERATOR,10,10,true
pgc_r03_g5a_u02_5a02_mixed_6e2d05b085b1,g5a_u02_5a02,mixed,9,DIVERSE_PARAMETER_GENERATOR,10,10,true
pgc_r03_g5a_u02_5a02_numeric_39e160e247a8,g5a_u02_5a02,numeric,9,DIVERSE_PARAMETER_GENERATOR,10,10,true
pgc_r03_g5a_u02_5a02_mixed_36dda82cdca7,g5a_u02_5a02,mixed,9,DIVERSE_PARAMETER_GENERATOR,10,10,true
pgc_r03_g5a_u02_5a02_mixed_e5f1485fc011,g5a_u02_5a02,mixed,9,DIVERSE_PARAMETER_GENERATOR,10,10,true
pgc_r03_g5a_u02_5a02_mixed_b1af1ebdd0ac,g5a_u02_5a02,mixed,9,DIVERSE_PARAMETER_GENERATOR,10,10,true
pgc_r03_g5a_u02_5a02_mixed_5857e8e469fd,g5a_u02_5a02,mixed,9,DIVERSE_PARAMETER_GENERATOR,10,10,true
pgc_r03_g5a_u02_5a02_numeric_8a2de9f2039f,g5a_u02_5a02,numeric,9,DIVERSE_PARAMETER_GENERATOR,10,10,true
pgc_r03_g5a_u02_5a02_mixed_d914590f7fea,g5a_u02_5a02,mixed,20,DIVERSE_PARAMETER_GENERATOR,10,10,true
pgc_r03_g5a_u02_5a02_mixed_9bb2ff166557,g5a_u02_5a02,mixed,20,DIVERSE_PARAMETER_GENERATOR,10,10,true
pgc_r03_g5a_u02_5a02_mixed_366421f99516,g5a_u02_5a02,mixed,20,DIVERSE_PARAMETER_GENERATOR,10,10,true
pgc_r03_g5a_u02_5a02_mixed_8aa5952e1262,g5a_u02_5a02,mixed,20,DIVERSE_PARAMETER_GENERATOR,10,10,true
pgc_r03_g5a_u02_5a02_application_a69056e44223,g5a_u02_5a02,application,20,DIVERSE_PARAMETER_GENERATOR,10,10,true
pgc_r03_g5a_u02_5a02_application_e7558529759b,g5a_u02_5a02,application,20,DIVERSE_PARAMETER_GENERATOR,10,10,true
pgc_r03_g5a_u02_5a02_application_a88fdf164b3c,g5a_u02_5a02,application,20,DIVERSE_PARAMETER_GENERATOR,10,10,true
pgc_r03_g5a_u02_5a02_application_ef756666b57e,g5a_u02_5a02,application,20,DIVERSE_PARAMETER_GENERATOR,10,10,true
pgc_r03_g5a_u02_5a02_mixed_d9330944b74f,g5a_u02_5a02,mixed,20,DIVERSE_PARAMETER_GENERATOR,10,10,true
pgc_r03_g5a_u02_5a02_mixed_cb575f8df20c,g5a_u02_5a02,mixed,20,DIVERSE_PARAMETER_GENERATOR,10,10,true
pgc_r03_g5a_u02_5a02_mixed_5972457770e1,g5a_u02_5a02,mixed,20,DIVERSE_PARAMETER_GENERATOR,10,10,true
pgc_r03_g5a_u02_5a02_mixed_e20881f7c980,g5a_u02_5a02,mixed,20,DIVERSE_PARAMETER_GENERATOR,10,10,true
pgc_r03_g5a_u02_5a02_application_2b2e5a8e045d,g5a_u02_5a02,application,20,DIVERSE_PARAMETER_GENERATOR,10,10,true
pgc_r03_g5a_u02_5a02_application_4ed4bfedcd82,g5a_u02_5a02,application,20,DIVERSE_PARAMETER_GENERATOR,10,10,true
pgc_r03_g5a_u02_5a02_application_f71640861bb3,g5a_u02_5a02,application,20,DIVERSE_PARAMETER_GENERATOR,10,10,true
pgc_r03_g5a_u02_5a02_application_5512b0ef04f6,g5a_u02_5a02,application,20,DIVERSE_PARAMETER_GENERATOR,10,10,true
pgc_r03_g5a_u02_5a02_mixed_a985b70bf98d,g5a_u02_5a02,mixed,14,DIVERSE_PARAMETER_GENERATOR,10,10,true
pgc_r03_g5a_u02_5a02_mixed_108a1e1e1feb,g5a_u02_5a02,mixed,14,DIVERSE_PARAMETER_GENERATOR,10,10,true
pgc_r03_g5a_u02_5a02_mixed_1a05bd4b0d85,g5a_u02_5a02,mixed,14,DIVERSE_PARAMETER_GENERATOR,10,10,true
pgc_r03_g5a_u02_5a02_mixed_edb6025b441a,g5a_u02_5a02,mixed,14,DIVERSE_PARAMETER_GENERATOR,10,10,true
pgc_r03_g5a_u02_5a02_application_83a31209e0a3,g5a_u02_5a02,application,20,DIVERSE_PARAMETER_GENERATOR,10,10,true
pgc_r03_g5a_u02_5a02_application_c50d6c1ea23c,g5a_u02_5a02,application,20,DIVERSE_PARAMETER_GENERATOR,10,10,true
pgc_r03_g5a_u02_5a02_application_c64bc5494909,g5a_u02_5a02,application,20,DIVERSE_PARAMETER_GENERATOR,10,10,true
pgc_r03_g5a_u02_5a02_application_341abddda671,g5a_u02_5a02,application,20,DIVERSE_PARAMETER_GENERATOR,10,10,true
pgc_r03_g5a_u02_5a02_mixed_e020abc62820,g5a_u02_5a02,mixed,14,DIVERSE_PARAMETER_GENERATOR,10,10,true
pgc_r03_g5a_u02_5a02_mixed_72d77c683f8e,g5a_u02_5a02,mixed,14,DIVERSE_PARAMETER_GENERATOR,10,10,true
pgc_r03_g5a_u02_5a02_mixed_7d6d0bfb0951,g5a_u02_5a02,mixed,14,DIVERSE_PARAMETER_GENERATOR,10,10,true
pgc_r03_g5a_u02_5a02_mixed_3f727a5fd5a1,g5a_u02_5a02,mixed,14,DIVERSE_PARAMETER_GENERATOR,10,10,true
pgc_r03_g5a_u02_5a02_application_230c8ecf849e,g5a_u02_5a02,application,20,DIVERSE_PARAMETER_GENERATOR,10,10,true
pgc_r03_g5a_u02_5a02_application_af9b08e133c0,g5a_u02_5a02,application,20,DIVERSE_PARAMETER_GENERATOR,10,10,true
pgc_r03_g5a_u02_5a02_application_0cfbb71f3f95,g5a_u02_5a02,application,20,DIVERSE_PARAMETER_GENERATOR,10,10,true
pgc_r03_g5a_u02_5a02_application_c00dafaf2eb5,g5a_u02_5a02,application,20,DIVERSE_PARAMETER_GENERATOR,10,10,true
pgc_r03_g5a_u02_5a02_mixed_05ee727bddbc,g5a_u02_5a02,mixed,8,FIXTURE_SELECTOR,1,8,false
pgc_r03_g5a_u02_5a02_mixed_feb86f56ccb4,g5a_u02_5a02,mixed,8,FIXTURE_SELECTOR,1,8,false
pgc_r03_g5a_u02_5a02_mixed_06a21fe6f5ab,g5a_u02_5a02,mixed,8,FIXTURE_SELECTOR,1,8,false
pgc_r03_g5a_u02_5a02_mixed_cbb8d509c527,g5a_u02_5a02,mixed,8,FIXTURE_SELECTOR,1,8,false
pgc_r03_g5a_u02_5a02_mixed_d9fbef20b6f7,g5a_u02_5a02,mixed,20,DIVERSE_PARAMETER_GENERATOR,10,10,true
pgc_r03_g5a_u02_5a02_mixed_9030d015818f,g5a_u02_5a02,mixed,20,DIVERSE_PARAMETER_GENERATOR,10,10,true
pgc_r03_g5a_u02_5a02_mixed_eab67e38d2f3,g5a_u02_5a02,mixed,16,DIVERSE_PARAMETER_GENERATOR,10,10,true
pgc_r03_g5a_u02_5a02_mixed_375cad5f2591,g5a_u02_5a02,mixed,14,DIVERSE_PARAMETER_GENERATOR,10,10,true
pgc_r03_g5a_u02_5a02_mixed_bfc3a2755e07,g5a_u02_5a02,mixed,15,DIVERSE_PARAMETER_GENERATOR,10,10,true
pgc_r03_g5a_u02_5a02_mixed_9415cf06711c,g5a_u02_5a02,mixed,20,DIVERSE_PARAMETER_GENERATOR,10,10,true
pgc_r03_g5a_u02_5a02_mixed_7283aeb2bf61,g5a_u02_5a02,mixed,14,DIVERSE_PARAMETER_GENERATOR,10,10,true
pgc_r03_g5a_u02_5a02_mixed_e8825b5159e7,g5a_u02_5a02,mixed,14,DIVERSE_PARAMETER_GENERATOR,10,10,true
pgc_r03_g5a_u02_5a02_mixed_c98608c7a48d,g5a_u02_5a02,mixed,12,DIVERSE_PARAMETER_GENERATOR,10,10,true
pgc_r03_g5a_u02_5a02_mixed_85bfda38c5bc,g5a_u02_5a02,mixed,20,DIVERSE_PARAMETER_GENERATOR,10,10,true
pgc_r03_g5a_u02_5a02_mixed_2f3620879b26,g5a_u02_5a02,mixed,14,DIVERSE_PARAMETER_GENERATOR,10,10,true
pgc_r03_g5a_u02_5a02_mixed_f13e036a5785,g5a_u02_5a02,mixed,14,DIVERSE_PARAMETER_GENERATOR,10,10,true
pgc_r03_g5a_u02_5a02_concept_4d0ca55850d4,g5a_u02_5a02,concept,16,DIVERSE_PARAMETER_GENERATOR,10,10,true
pgc_r03_g5a_u02_5a02_numeric_f80d48c9d6f1,g5a_u02_5a02,numeric,12,DIVERSE_PARAMETER_GENERATOR,10,10,true
pgc_r03_g5a_u02_5a02_application_a51b364b09f1,g5a_u02_5a02,application,20,DIVERSE_PARAMETER_GENERATOR,10,10,true
pgc_r03_g5a_u02_5a02_application_bc48afaa90f5,g5a_u02_5a02,application,20,DIVERSE_PARAMETER_GENERATOR,10,10,true
pgc_r03_g5a_u02_5a02_application_30aeb6686483,g5a_u02_5a02,application,20,DIVERSE_PARAMETER_GENERATOR,10,10,true
pgc_r03_g5a_u02_5a02_application_bf4951ab578f,g5a_u02_5a02,application,20,DIVERSE_PARAMETER_GENERATOR,10,10,true
pgc_r03_g5a_u02_5a02_application_6245f0f37bb5,g5a_u02_5a02,application,20,DIVERSE_PARAMETER_GENERATOR,10,10,true
pgc_r03_g5a_u02_5a02_application_8fa9f5184932,g5a_u02_5a02,application,20,DIVERSE_PARAMETER_GENERATOR,10,10,true
pgc_r03_g5a_u02_5a02_application_2dbacc7cea7a,g5a_u02_5a02,application,20,DIVERSE_PARAMETER_GENERATOR,10,10,true
pgc_r03_g5a_u02_5a02_application_3c391854287a,g5a_u02_5a02,application,20,DIVERSE_PARAMETER_GENERATOR,10,10,true
pgc_r03_g5a_u02_5a02_application_cbf6af6a6097,g5a_u02_5a02,application,20,DIVERSE_PARAMETER_GENERATOR,10,10,true
pgc_r03_g5a_u02_5a02_reasoning_8479cbd22356,g5a_u02_5a02,reasoning,20,DIVERSE_PARAMETER_GENERATOR,10,10,true
pgc_r03_g5a_u02_5a02_reasoning_540157b38f35,g5a_u02_5a02,reasoning,20,DIVERSE_PARAMETER_GENERATOR,10,10,true
pgc_r03_g5a_u02_5a02_reasoning_7575bf834ede,g5a_u02_5a02,reasoning,20,DIVERSE_PARAMETER_GENERATOR,10,10,true
pgc_r03_g5a_u02_5a02_reasoning_db78ded1bcbe,g5a_u02_5a02,reasoning,20,DIVERSE_PARAMETER_GENERATOR,10,10,true
pgc_r03_g5b_u05_5b05a_numeric_0ae8511d3994,g5b_u05_5b05a,numeric,20,DIVERSE_PARAMETER_GENERATOR,10,10,true
pgc_r03_g5b_u05_5b05a_application_03db26c68c16,g5b_u05_5b05a,application,20,DIVERSE_PARAMETER_GENERATOR,10,10,true
pgc_r03_g5b_u05_5b05a_numeric_64b8b2d99ec3,g5b_u05_5b05a,numeric,20,DIVERSE_PARAMETER_GENERATOR,10,10,true
pgc_r03_g5b_u05_5b05a_application_039fc5dac903,g5b_u05_5b05a,application,20,DIVERSE_PARAMETER_GENERATOR,10,10,true
pgc_r03_g5b_u05_5b05a_numeric_ced015645486,g5b_u05_5b05a,numeric,20,DIVERSE_PARAMETER_GENERATOR,10,10,true
pgc_r03_g5b_u05_5b05a_application_4f17da8cc550,g5b_u05_5b05a,application,20,DIVERSE_PARAMETER_GENERATOR,10,10,true
pgc_r03_g5b_u05_5b05a_numeric_31f66fde4a90,g5b_u05_5b05a,numeric,20,DIVERSE_PARAMETER_GENERATOR,10,10,true
pgc_r03_g5b_u05_5b05a_application_eb46912e7caa,g5b_u05_5b05a,application,20,DIVERSE_PARAMETER_GENERATOR,10,10,true
pgc_r03_g5b_u05_5b05a_numeric_ba778360f0d8,g5b_u05_5b05a,numeric,20,DIVERSE_PARAMETER_GENERATOR,10,10,true
pgc_r03_g5b_u05_5b05a_application_025fc4b662c0,g5b_u05_5b05a,application,20,DIVERSE_PARAMETER_GENERATOR,10,10,true
pgc_r03_g5b_u05_5b05a_numeric_c8a83ee4939b,g5b_u05_5b05a,numeric,20,DIVERSE_PARAMETER_GENERATOR,10,10,true
pgc_r03_g5b_u05_5b05a_application_a8814e06fc65,g5b_u05_5b05a,application,20,DIVERSE_PARAMETER_GENERATOR,10,10,true
pgc_r03_g5a_u03_5a03a_numeric_0701fe5ec85a,g5a_u03_5a03a,numeric,14,DIVERSE_PARAMETER_GENERATOR,10,10,true
pgc_r03_g5a_u03_5a03a_application_8e50bd802931,g5a_u03_5a03a,application,20,DIVERSE_PARAMETER_GENERATOR,10,10,true
pgc_r03_g5a_u03_5a03a_numeric_884f2b2aa17b,g5a_u03_5a03a,numeric,1,BOUNDED_DIVERSITY,5,5,false
pgc_r03_g5a_u03_5a03a_numeric_40b13cea8c8b,g5a_u03_5a03a,numeric,20,DIVERSE_PARAMETER_GENERATOR,10,10,true
pgc_r03_g5a_u03_5a03a_numeric_9b7cb4729cf3,g5a_u03_5a03a,numeric,14,DIVERSE_PARAMETER_GENERATOR,10,10,true
pgc_r03_g5a_u03_5a03a_application_e4c7257d9b90,g5a_u03_5a03a,application,20,DIVERSE_PARAMETER_GENERATOR,10,10,true
pgc_r03_g5a_u03_5a03a_numeric_378c1087489c,g5a_u03_5a03a,numeric,2,DIVERSE_PARAMETER_GENERATOR,10,10,true
pgc_r03_g5a_u03_5a03a_application_dd8c2f7468ec,g5a_u03_5a03a,application,20,DIVERSE_PARAMETER_GENERATOR,10,10,true
pgc_r03_g5a_u03_5a03a_numeric_90fd548a65aa,g5a_u03_5a03a,numeric,20,DIVERSE_PARAMETER_GENERATOR,10,10,true
pgc_r03_g5a_u03_5a03a_application_b57f5503d810,g5a_u03_5a03a,application,20,DIVERSE_PARAMETER_GENERATOR,10,10,true
pgc_r03_g5a_u03_5a03a_numeric_731d9d82d3a2,g5a_u03_5a03a,numeric,20,DIVERSE_PARAMETER_GENERATOR,10,10,true
pgc_r03_g5a_u03_5a03a_application_ed676e55b407,g5a_u03_5a03a,application,20,DIVERSE_PARAMETER_GENERATOR,10,10,true
pgc_r03_g5a_u03_5a03a_numeric_59522918b6b0,g5a_u03_5a03a,numeric,5,DIVERSE_PARAMETER_GENERATOR,10,10,true
pgc_r03_g5a_u03_5a03a_numeric_b14e6d7a88de,g5a_u03_5a03a,numeric,7,DIVERSE_PARAMETER_GENERATOR,10,10,true
pgc_r03_g5a_u03_5a03a_application_3da6082c4117,g5a_u03_5a03a,application,20,DIVERSE_PARAMETER_GENERATOR,10,10,true
pgc_r03_g5a_u03_5a03a1_numeric_54b655195245,g5a_u03_5a03a1,numeric,10,DIVERSE_PARAMETER_GENERATOR,10,10,true
pgc_r03_g5a_u03_5a03a1_application_846f11d0e878,g5a_u03_5a03a1,application,20,DIVERSE_PARAMETER_GENERATOR,10,10,true
pgc_r03_g5a_u03_5a03a1_numeric_ed15f0522549,g5a_u03_5a03a1,numeric,1,BOUNDED_DIVERSITY,7,7,false
pgc_r03_g5a_u03_5a03a1_application_9fb2ddb5d3e9,g5a_u03_5a03a1,application,20,DIVERSE_PARAMETER_GENERATOR,10,10,true
pgc_r03_g5a_u03_5a03a1_numeric_ecc1bccc974a,g5a_u03_5a03a1,numeric,20,DIVERSE_PARAMETER_GENERATOR,10,10,true
pgc_r03_g5a_u03_5a03a1_application_cce577683694,g5a_u03_5a03a1,application,20,DIVERSE_PARAMETER_GENERATOR,10,10,true
pgc_r03_g5a_u03_5a03a1_numeric_e8d7e0f90ee4,g5a_u03_5a03a1,numeric,3,DIVERSE_PARAMETER_GENERATOR,10,10,true
pgc_r03_g5a_u03_5a03a1_numeric_e71fcbd2d5c7,g5a_u03_5a03a1,numeric,2,DIVERSE_PARAMETER_GENERATOR,10,10,true
pgc_r03_g5a_u03_5a03a1_application_2d07bbe9e119,g5a_u03_5a03a1,application,20,DIVERSE_PARAMETER_GENERATOR,10,10,true
pgc_r03_g5a_u03_5a03a1_numeric_7229982fb828,g5a_u03_5a03a1,numeric,1,DIVERSE_PARAMETER_GENERATOR,8,8,true
pgc_r03_g5a_u03_5a03a1_numeric_4d5644856dd4,g5a_u03_5a03a1,numeric,5,DIVERSE_PARAMETER_GENERATOR,10,10,true
pgc_r03_g5a_u03_5a03a1_application_1676399731c4,g5a_u03_5a03a1,application,20,DIVERSE_PARAMETER_GENERATOR,10,10,true
pgc_r03_g6a_u01_6a01_numeric_68d593aa157c,g6a_u01_6a01,numeric,20,DIVERSE_PARAMETER_GENERATOR,10,10,true
pgc_r03_g6a_u01_6a01_application_5de2292dab94,g6a_u01_6a01,application,20,DIVERSE_PARAMETER_GENERATOR,10,10,true
pgc_r03_g6a_u01_6a01_numeric_0fbd0df575e9,g6a_u01_6a01,numeric,3,DIVERSE_PARAMETER_GENERATOR,10,10,true
pgc_r03_g6a_u01_6a01_numeric_483650ad5611,g6a_u01_6a01,numeric,1,DIVERSE_PARAMETER_GENERATOR,9,9,true
pgc_r03_g6a_u01_6a01_numeric_b88083effaa9,g6a_u01_6a01,numeric,6,DIVERSE_PARAMETER_GENERATOR,10,10,true
pgc_r03_g6a_u01_6a01_numeric_bf6a96b9f4f9,g6a_u01_6a01,numeric,9,DIVERSE_PARAMETER_GENERATOR,10,10,true
pgc_r03_g6a_u01_6a01_application_6495f2f285e8,g6a_u01_6a01,application,20,DIVERSE_PARAMETER_GENERATOR,10,10,true
pgc_r03_g6a_u01_6a01_numeric_61c91fca4382,g6a_u01_6a01,numeric,1,BOUNDED_DIVERSITY,7,7,false
pgc_r03_g6a_u01_6a01_application_4a04b80c1628,g6a_u01_6a01,application,20,DIVERSE_PARAMETER_GENERATOR,10,10,true
pgc_r03_g6a_u01_6a01_numeric_7dfce6921c92,g6a_u01_6a01,numeric,6,DIVERSE_PARAMETER_GENERATOR,10,10,true
pgc_r03_g6a_u01_6a01_application_3319cf21ddf0,g6a_u01_6a01,application,20,DIVERSE_PARAMETER_GENERATOR,10,10,true
pgc_r03_g3a_u08_3a08_numeric_6a58dba0769d,g3a_u08_3a08,numeric,2,DIVERSE_PARAMETER_GENERATOR,10,10,true
pgc_r03_g3a_u08_3a08_application_585b4e8fdd0c,g3a_u08_3a08,application,20,DIVERSE_PARAMETER_GENERATOR,2,6,true
pgc_r03_g3a_u08_3a08_numeric_a1440e23c451,g3a_u08_3a08,numeric,2,DIVERSE_PARAMETER_GENERATOR,10,10,true
pgc_r03_g3a_u08_3a08_numeric_998ffbc8889c,g3a_u08_3a08,numeric,10,BOUNDED_DIVERSITY,7,10,false
pgc_r03_g3a_u08_3a08_application_6a5ba7c30adf,g3a_u08_3a08,application,20,DIVERSE_PARAMETER_GENERATOR,2,10,true
pgc_r03_g3a_u08_3a08_numeric_c8a3037faae6,g3a_u08_3a08,numeric,20,DIVERSE_PARAMETER_GENERATOR,10,10,true
pgc_r03_g3a_u08_3a08_application_b6227980ed37,g3a_u08_3a08,application,20,DIVERSE_PARAMETER_GENERATOR,10,10,true
pgc_r03_g3a_u08_3a08_numeric_32207c12fa17,g3a_u08_3a08,numeric,6,FIXTURE_SELECTOR,1,6,false
pgc_r03_g3a_u08_3a08_application_30b2104b3163,g3a_u08_3a08,application,20,DIVERSE_PARAMETER_GENERATOR,2,6,true
pgc_r03_g3a_u08_3a08_numeric_6ec70c8709ce,g3a_u08_3a08,numeric,6,FIXTURE_SELECTOR,1,6,false
pgc_r03_g3a_u08_3a08_application_cf0f1f1913a2,g3a_u08_3a08,application,20,DIVERSE_PARAMETER_GENERATOR,2,6,true
pgc_r03_g3b_u07_3b07_numeric_4f615b76b29f,g3b_u07_3b07,numeric,12,FIXTURE_SELECTOR,1,10,false
pgc_r03_g3b_u07_3b07_application_b8e39c886c50,g3b_u07_3b07,application,20,DIVERSE_PARAMETER_GENERATOR,2,6,true
pgc_r03_g3b_u07_3b07_numeric_dacd2cf49319,g3b_u07_3b07,numeric,12,FIXTURE_SELECTOR,1,10,false
pgc_r03_g3b_u07_3b07_numeric_aa87e2c60d1d,g3b_u07_3b07,numeric,6,FIXTURE_SELECTOR,1,6,false
pgc_r03_g3b_u07_3b07_application_c642e7267e60,g3b_u07_3b07,application,20,DIVERSE_PARAMETER_GENERATOR,2,6,true
pgc_r03_g3b_u07_3b07_numeric_9891d69ea218,g3b_u07_3b07,numeric,6,FIXTURE_SELECTOR,1,6,false
pgc_r03_g3b_u07_3b07_application_cc1c7d44244c,g3b_u07_3b07,application,20,DIVERSE_PARAMETER_GENERATOR,2,6,true
pgc_r03_g3b_u09_3b09_numeric_9d24ef0becbd,g3b_u09_3b09,numeric,8,FIXTURE_SELECTOR,1,8,false
pgc_r03_g3b_u09_3b09_numeric_0e6d785763a5,g3b_u09_3b09,numeric,8,FIXTURE_SELECTOR,1,8,false
pgc_r03_g3b_u09_3b09_numeric_eb4a933a8a8d,g3b_u09_3b09,numeric,8,FIXTURE_SELECTOR,1,8,false
pgc_r03_g3b_u09_3b09_numeric_04bd6bfd759b,g3b_u09_3b09,numeric,8,FIXTURE_SELECTOR,1,8,false
pgc_r03_g3b_u09_3b09_numeric_611db864f74a,g3b_u09_3b09,numeric,8,DIVERSE_PARAMETER_GENERATOR,8,8,true
pgc_r03_g3b_u09_3b09_numeric_347c3ab9e890,g3b_u09_3b09,numeric,8,DIVERSE_PARAMETER_GENERATOR,8,8,true
pgc_r03_g4b_u08_4b08_numeric_e63dcc56e182,g4b_u08_4b08,numeric,9,FIXTURE_SELECTOR,1,8,false
pgc_r03_g4b_u08_4b08_numeric_2f594c75ad07,g4b_u08_4b08,numeric,9,FIXTURE_SELECTOR,1,8,false
pgc_r03_g4b_u08_4b08_numeric_9cbcbbe53418,g4b_u08_4b08,numeric,8,FIXTURE_SELECTOR,1,8,false
pgc_r03_g4b_u08_4b08_numeric_e21804772679,g4b_u08_4b08,numeric,8,FIXTURE_SELECTOR,1,8,false
pgc_r03_g4a_u09_4a09_numeric_bee1ae206b8b,g4a_u09_4a09,numeric,8,FIXTURE_SELECTOR,1,8,false
pgc_r03_g4a_u09_4a09_numeric_9f2e445cb0a5,g4a_u09_4a09,numeric,8,FIXTURE_SELECTOR,1,8,false
pgc_r03_g4b_u06_4b06_numeric_8060b6cce6ed,g4b_u06_4b06,numeric,8,FIXTURE_SELECTOR,1,1,false
pgc_r03_g4b_u06_4b06_application_243390fad850,g4b_u06_4b06,application,20,FIXTURE_SELECTOR,1,1,false
pgc_r03_g4b_u06_4b06_numeric_13afea5d4fd1,g4b_u06_4b06,numeric,8,FIXTURE_SELECTOR,1,1,false
pgc_r03_g4b_u06_4b06_application_19f9fc46c516,g4b_u06_4b06,application,20,FIXTURE_SELECTOR,1,1,false
pgc_r03_g5a_u04_5a04_numeric_cc6261f81797,g5a_u04_5a04,numeric,9,FIXTURE_SELECTOR,1,8,false
pgc_r03_g5a_u04_5a04_application_65896cc9040b,g5a_u04_5a04,application,20,DIVERSE_PARAMETER_GENERATOR,6,6,true
pgc_r03_g5a_u04_5a04_numeric_0904972d5d27,g5a_u04_5a04,numeric,9,FIXTURE_SELECTOR,1,8,false
pgc_r03_g5a_u04_5a04_numeric_eb066dd13b85,g5a_u04_5a04,numeric,6,FIXTURE_SELECTOR,1,6,false
pgc_r03_g5a_u04_5a04_application_2048c4ff7f60,g5a_u04_5a04,application,20,DIVERSE_PARAMETER_GENERATOR,6,6,true
pgc_r03_g5a_u04_5a04_numeric_00f6e4a5c762,g5a_u04_5a04,numeric,6,FIXTURE_SELECTOR,1,6,false
pgc_r03_g5a_u04_5a04_application_4bb5fbe70448,g5a_u04_5a04,application,20,DIVERSE_PARAMETER_GENERATOR,6,6,true
