routeId,sourceId,selectionMode,selectedKnowledgePointIds,questionType,setKind,generationPatternGroupIds,compatiblePatternSpecIds,currentVerifiedMaxQuestionCount,currentQualityStatus,currentUniqueItemSetCount,r04GapCodes
pgc_r03_g3a_u03_3a03_numeric_7a21b824e19a,g3a_u03_3a03,sourceUnit,,numeric,source-unit,,ps_g3a_u03_2digit_by_1digit_carry|ps_g3a_u03_10_multiple_by_1digit|ps_g3a_u03_3digit_by_1digit|ps_g3a_u03_consecutive_multiplication_two_step|ps_g3a_u03_3digit_zero_middle_by_1digit|ps_g3a_u03_multiplication_missing_digit_inference,20,FIXTURE_SELECTOR,1,FIXTURE_SELECTOR
pgc_r03_g3a_u03_3a03_numeric_b494aff1a84e,g3a_u03_3a03,singleKnowledgePoint,kp_g3a_u03_2digit_by_1digit_carry,numeric,single-form,pg_g3a_u03_2digit_by_1digit_carry,ps_g3a_u03_2digit_by_1digit_carry,20,FIXTURE_SELECTOR,1,FIXTURE_SELECTOR
pgc_r03_g3a_u03_3a03_numeric_d183d226699e,g3a_u03_3a03,singleKnowledgePoint,kp_g3a_u03_10_multiple_by_1digit,numeric,single-form,pg_g3a_u03_10_multiple_by_1digit,ps_g3a_u03_10_multiple_by_1digit,20,FIXTURE_SELECTOR,1,FIXTURE_SELECTOR
pgc_r03_g3a_u03_3a03_numeric_4bdcc0a95054,g3a_u03_3a03,singleKnowledgePoint,kp_g3a_u03_3digit_by_1digit,numeric,single-form,pg_g3a_u03_3digit_by_1digit,ps_g3a_u03_3digit_by_1digit,20,FIXTURE_SELECTOR,1,FIXTURE_SELECTOR
pgc_r03_g3a_u03_3a03_numeric_18be7bd013fd,g3a_u03_3a03,singleKnowledgePoint,kp_g3a_u03_consecutive_multiplication_two_step,numeric,single-form,pg_g3a_u03_consecutive_multiplication_two_step,ps_g3a_u03_consecutive_multiplication_two_step,20,FIXTURE_SELECTOR,1,FIXTURE_SELECTOR
pgc_r03_g3a_u03_3a03_numeric_f2aab6882aa2,g3a_u03_3a03,singleKnowledgePoint,kp_g3a_u03_3digit_zero_middle_by_1digit,numeric,single-form,pg_g3a_u03_3digit_zero_middle_by_1digit,ps_g3a_u03_3digit_zero_middle_by_1digit,20,FIXTURE_SELECTOR,1,FIXTURE_SELECTOR
pgc_r03_g3a_u03_3a03_numeric_d90620ef7fae,g3a_u03_3a03,singleKnowledgePoint,kp_g3a_u03_multiplication_missing_digit_inference,numeric,single-form,pg_g3a_u03_multiplication_missing_digit_inference,ps_g3a_u03_multiplication_missing_digit_inference,20,FIXTURE_SELECTOR,1,FIXTURE_SELECTOR
pgc_r03_g3a_u03_3a03_numeric_91830b22dc92,g3a_u03_3a03,mixedKnowledgePointsSameUnit,kp_g3a_u03_2digit_by_1digit_carry|kp_g3a_u03_10_multiple_by_1digit|kp_g3a_u03_3digit_by_1digit|kp_g3a_u03_consecutive_multiplication_two_step|kp_g3a_u03_consecutive_multiplication_two_step_word_problem|kp_g3a_u03_3digit_zero_middle_by_1digit|kp_g3a_u03_multiplication_missing_digit_inference,numeric,mixed-all,pg_g3a_u03_2digit_by_1digit_carry|pg_g3a_u03_10_multiple_by_1digit|pg_g3a_u03_3digit_by_1digit|pg_g3a_u03_consecutive_multiplication_two_step|pg_g3a_u03_3digit_zero_middle_by_1digit|pg_g3a_u03_multiplication_missing_digit_inference,ps_g3a_u03_2digit_by_1digit_carry|ps_g3a_u03_10_multiple_by_1digit|ps_g3a_u03_3digit_by_1digit|ps_g3a_u03_consecutive_multiplication_two_step|ps_g3a_u03_3digit_zero_middle_by_1digit|ps_g3a_u03_multiplication_missing_digit_inference,20,FIXTURE_SELECTOR,1,FIXTURE_SELECTOR
pgc_r03_g3a_u06_3a06_numeric_c825c93cc63f,g3a_u06_3a06,singleKnowledgePoint,kp_g3a_u06_division_with_remainder,numeric,single-form,pg_g3a_u06_division_with_remainder,ps_g3a_u06_division_with_remainder,20,FIXTURE_SELECTOR,1,FIXTURE_SELECTOR
pgc_r03_g3a_u06_3a06_numeric_2e2053269a6e,g3a_u06_3a06,singleKnowledgePoint,kp_g3a_u06_quotative_division_packaging,numeric,single-form,pg_g3a_u06_quotative_division_packaging,ps_g3a_u06_quotative_division_packaging,20,FIXTURE_SELECTOR,1,FIXTURE_SELECTOR
pgc_r03_g3a_u06_3a06_numeric_b9596b7ab643,g3a_u06_3a06,singleKnowledgePoint,kp_g3a_u06_partitive_division_equal_sharing,numeric,single-form,pg_g3a_u06_partitive_division_equal_sharing,ps_g3a_u06_partitive_division_equal_sharing,20,FIXTURE_SELECTOR,1,FIXTURE_SELECTOR
pgc_r03_g3a_u06_3a06_numeric_2f13ee63e867,g3a_u06_3a06,singleKnowledgePoint,kp_g3a_u06_parity_range_missing_digit,numeric,single-form,pg_g3a_u06_parity_range_missing_digit,ps_g3a_u06_parity_range_missing_digit,20,FIXTURE_SELECTOR,1,FIXTURE_SELECTOR
pgc_r03_g3b_u01_3b01_numeric_a681cd1f2492,g3b_u01_3b01,singleKnowledgePoint,kp_g3b_u01_wp_partitive_division,numeric,single-form,pg_g3b_u01_wp_partitive_division,ps_g3b_u01_wp_partitive_equal_sharing|ps_g3b_u01_wp_partitive_unit_rate,9,DIVERSE_PARAMETER_GENERATOR,10,CAPACITY_BELOW_20
pgc_r03_g3b_u01_3b01_numeric_5637742f4d5c,g3b_u01_3b01,singleKnowledgePoint,kp_g3b_u01_wp_remainder_interpretation,numeric,single-form,pg_g3b_u01_wp_remainder_interpretation,ps_g3b_u01_wp_remainder_floor_max_groups|ps_g3b_u01_wp_remainder_ceil_min_containers,9,DIVERSE_PARAMETER_GENERATOR,10,CAPACITY_BELOW_20
pgc_r03_g3b_u04_3b04_numeric_da4bc99acb92,g3b_u04_3b04,sourceUnit,,numeric,source-unit,,ps_g3b_u04_consecutive_multiplication,3,DIVERSE_PARAMETER_GENERATOR,10,CAPACITY_BELOW_20
pgc_r03_g3b_u04_3b04_numeric_aaa25276d55e,g3b_u04_3b04,singleKnowledgePoint,kp_g3b_u04_consecutive_multiplication,numeric,single-form,pg_g3b_u04_consecutive_multiplication_numeric,ps_g3b_u04_consecutive_multiplication,3,DIVERSE_PARAMETER_GENERATOR,10,CAPACITY_BELOW_20
pgc_r03_g4a_u01_4a01_numeric_dae61ad53455,g4a_u01_4a01,singleKnowledgePoint,kp_g4a_u01_boundary_number_difference,numeric,single-form,pg_g4a_u01_boundary_number_difference,ps_g4a_u01_boundary_number_difference,8,FIXTURE_SELECTOR,1,CAPACITY_BELOW_20|FIXTURE_SELECTOR
pgc_r03_g4a_u01_4a01_numeric_69c208757b03,g4a_u01_4a01,singleKnowledgePoint,kp_g4a_u01_digit_arrangement_max_min,numeric,single-form,pg_g4a_u01_digit_arrangement_max_min,ps_g4a_u01_digit_arrangement_max_min,16,DIVERSE_PARAMETER_GENERATOR,10,CAPACITY_BELOW_20
pgc_r03_g4a_u08_4a08_numeric_14362959bfec,g4a_u08_4a08,singleKnowledgePoint,kp_g4a_u08_num_parentheses_first,numeric,single-form,pg_g4a_u08_num_parentheses_first,ps_g4a_u08_parentheses_add_sub|ps_g4a_u08_parentheses_mul_div,17,DIVERSE_PARAMETER_GENERATOR,10,CAPACITY_BELOW_20
pgc_r03_g4a_u08_4a08_numeric_4007258fe55a,g4a_u08_4a08,singleKnowledgePoint,kp_g4a_u08_num_repeated_subtract_group,numeric,single-form,pg_g4a_u08_num_repeated_subtract_group,ps_g4a_u08_num_repeated_subtract_group,11,DIVERSE_PARAMETER_GENERATOR,10,CAPACITY_BELOW_20
pgc_r03_g4a_u08_4a08_numeric_6942af98a8b5,g4a_u08_4a08,singleKnowledgePoint,kp_g4a_u08_num_mul_div_safe_reorder,numeric,single-form,pg_g4a_u08_num_mul_div_safe_reorder,ps_g4a_u08_num_mul_div_safe_reorder,7,DIVERSE_PARAMETER_GENERATOR,10,CAPACITY_BELOW_20
pgc_r03_g4a_u08_4a08_numeric_32862e578f8a,g4a_u08_4a08,singleKnowledgePoint,kp_g4a_u08_num_mul_div_left_assoc,numeric,single-form,pg_g4a_u08_num_mul_div_left_assoc,ps_g4a_u08_mul_div_left_to_right,5,DIVERSE_PARAMETER_GENERATOR,10,CAPACITY_BELOW_20
pgc_r03_g4a_u08_4a08_numeric_8f973314eb38,g4a_u08_4a08,singleKnowledgePoint,kp_g4a_u08_num_repeated_divide_group,numeric,single-form,pg_g4a_u08_num_repeated_divide_group,ps_g4a_u08_num_repeated_divide_group,10,DIVERSE_PARAMETER_GENERATOR,10,CAPACITY_BELOW_20
pgc_r03_g4b_u01_4b01_numeric_f708edddf5d7,g4b_u01_4b01,singleKnowledgePoint,kp_g4b_u01_trailing_zero_division_exact,numeric,single-form,pg_g4b_u01_trailing_zero_division_exact,ps_g4b_u01_trailing_zero_division_exact,12,DIVERSE_PARAMETER_GENERATOR,10,CAPACITY_BELOW_20
pgc_r03_g4b_u04_4b04_concept_56468f5e76d3,g4b_u04_4b04,singleKnowledgePoint,kp_g4b_u04_approximation_symbol_reading,concept,single-form,pg_g4b_u04_approximation_symbol,ps_g4b_u04_approx_symbol_reading,1,FIXTURE_SELECTOR,1,CAPACITY_BELOW_20|FIXTURE_SELECTOR
pgc_r03_g5a_u02_5a02_concept_0475992c729f,g5a_u02_5a02,sourceUnit,,concept,source-unit,,ps_g5a_u02_factor_relation_equivalence|ps_g5a_u02_divisor_candidate_selection|ps_g5a_u02_factor_statement_judgement|ps_g5a_u02_problem_type_classification|ps_g5a_u02_common_factor_concept_identification,16,DIVERSE_PARAMETER_GENERATOR,10,CAPACITY_BELOW_20
pgc_r03_g5a_u02_5a02_numeric_5fd4e7e68270,g5a_u02_5a02,sourceUnit,,numeric,source-unit,,ps_g5a_u02_factor_enumeration_trial_division|ps_g5a_u02_factor_pair_enumeration|ps_g5a_u02_factor_list_from_pairs|ps_g5a_u02_factor_order_and_symmetry|ps_g5a_u02_common_factor_enumeration|ps_g5a_u02_greatest_common_factor,12,DIVERSE_PARAMETER_GENERATOR,10,CAPACITY_BELOW_20
pgc_r03_g5a_u02_5a02_concept_1b098eadc352,g5a_u02_5a02,singleKnowledgePoint,kp_g5a_u02_factor_criterion_multiplication_division_equivalence,concept,single-form,pg_g5a_u02_factor_relation_equivalence,ps_g5a_u02_factor_relation_equivalence,8,DIVERSE_PARAMETER_GENERATOR,10,CAPACITY_BELOW_20
pgc_r03_g5a_u02_5a02_numeric_0992f22fd619,g5a_u02_5a02,singleKnowledgePoint,kp_g5a_u02_factor_enumeration_by_division,numeric,single-form,pg_g5a_u02_factor_enumeration_division,ps_g5a_u02_factor_enumeration_trial_division,8,DIVERSE_PARAMETER_GENERATOR,10,CAPACITY_BELOW_20
pgc_r03_g5a_u02_5a02_numeric_ba9975639686,g5a_u02_5a02,singleKnowledgePoint,kp_g5a_u02_factor_enumeration_by_multiplication_pairs,numeric,single-form,pg_g5a_u02_factor_enumeration_pairs,ps_g5a_u02_factor_pair_enumeration|ps_g5a_u02_factor_list_from_pairs,8,DIVERSE_PARAMETER_GENERATOR,10,CAPACITY_BELOW_20
pgc_r03_g5a_u02_5a02_concept_ae6f61e2ee34,g5a_u02_5a02,singleKnowledgePoint,kp_g5a_u02_divisibility_factor_membership_judgement,concept,single-form,pg_g5a_u02_factor_membership_judgement,ps_g5a_u02_divisor_candidate_selection|ps_g5a_u02_factor_statement_judgement,16,DIVERSE_PARAMETER_GENERATOR,10,CAPACITY_BELOW_20
pgc_r03_g5a_u02_5a02_concept_127020b0d7ef,g5a_u02_5a02,singleKnowledgePoint,kp_g5a_u02_number_theory_problem_type_discrimination,concept,single-form,pg_g5a_u02_problem_type_discrimination,ps_g5a_u02_problem_type_classification,15,DIVERSE_PARAMETER_GENERATOR,10,CAPACITY_BELOW_20
pgc_r03_g5a_u02_5a02_numeric_39e160e247a8,g5a_u02_5a02,singleKnowledgePoint,kp_g5a_u02_common_factor_enumeration,numeric,single-form,pg_g5a_u02_common_factor_enumeration,ps_g5a_u02_common_factor_enumeration,9,DIVERSE_PARAMETER_GENERATOR,10,CAPACITY_BELOW_20
pgc_r03_g5a_u02_5a02_numeric_8a2de9f2039f,g5a_u02_5a02,singleKnowledgePoint,kp_g5a_u02_greatest_common_factor,numeric,single-form,pg_g5a_u02_greatest_common_factor,ps_g5a_u02_greatest_common_factor,9,DIVERSE_PARAMETER_GENERATOR,10,CAPACITY_BELOW_20
pgc_r03_g5a_u02_5a02_concept_4d0ca55850d4,g5a_u02_5a02,mixedKnowledgePointsSameUnit,kp_g5a_u02_factor_criterion_multiplication_division_equivalence|kp_g5a_u02_factor_enumeration_by_division|kp_g5a_u02_factor_enumeration_by_multiplication_pairs|kp_g5a_u02_factor_pair_order_and_symmetry|kp_g5a_u02_missing_factor_reconstruction|kp_g5a_u02_divisibility_factor_membership_judgement|kp_g5a_u02_equal_partition_factor_application|kp_g5a_u02_number_theory_problem_type_discrimination|kp_g5a_u02_inverse_reasoning_from_complete_factor_list|kp_g5a_u02_remainder_transfer_under_divisor_relation|kp_g5a_u02_common_factor_concept|kp_g5a_u02_common_factor_enumeration|kp_g5a_u02_greatest_common_factor|kp_g5a_u02_maximum_equal_grouping_gcf_application|kp_g5a_u02_possible_equal_packaging_common_factor_application|kp_g5a_u02_rectangle_equal_square_side_lengths|kp_g5a_u02_square_tile_area_possibilities|kp_g5a_u02_multi_constraint_digit_code_number_theory,concept,mixed-all,pg_g5a_u02_factor_relation_equivalence|pg_g5a_u02_factor_membership_judgement|pg_g5a_u02_problem_type_discrimination|pg_g5a_u02_common_factor_concept,ps_g5a_u02_factor_relation_equivalence|ps_g5a_u02_divisor_candidate_selection|ps_g5a_u02_factor_statement_judgement|ps_g5a_u02_problem_type_classification|ps_g5a_u02_common_factor_concept_identification,16,DIVERSE_PARAMETER_GENERATOR,10,CAPACITY_BELOW_20
pgc_r03_g5a_u02_5a02_numeric_f80d48c9d6f1,g5a_u02_5a02,mixedKnowledgePointsSameUnit,kp_g5a_u02_factor_criterion_multiplication_division_equivalence|kp_g5a_u02_factor_enumeration_by_division|kp_g5a_u02_factor_enumeration_by_multiplication_pairs|kp_g5a_u02_factor_pair_order_and_symmetry|kp_g5a_u02_missing_factor_reconstruction|kp_g5a_u02_divisibility_factor_membership_judgement|kp_g5a_u02_equal_partition_factor_application|kp_g5a_u02_number_theory_problem_type_discrimination|kp_g5a_u02_inverse_reasoning_from_complete_factor_list|kp_g5a_u02_remainder_transfer_under_divisor_relation|kp_g5a_u02_common_factor_concept|kp_g5a_u02_common_factor_enumeration|kp_g5a_u02_greatest_common_factor|kp_g5a_u02_maximum_equal_grouping_gcf_application|kp_g5a_u02_possible_equal_packaging_common_factor_application|kp_g5a_u02_rectangle_equal_square_side_lengths|kp_g5a_u02_square_tile_area_possibilities|kp_g5a_u02_multi_constraint_digit_code_number_theory,numeric,mixed-all,pg_g5a_u02_factor_enumeration_division|pg_g5a_u02_factor_enumeration_pairs|pg_g5a_u02_factor_order_symmetry|pg_g5a_u02_common_factor_enumeration|pg_g5a_u02_greatest_common_factor,ps_g5a_u02_factor_enumeration_trial_division|ps_g5a_u02_factor_pair_enumeration|ps_g5a_u02_factor_list_from_pairs|ps_g5a_u02_factor_order_and_symmetry|ps_g5a_u02_common_factor_enumeration|ps_g5a_u02_greatest_common_factor,12,DIVERSE_PARAMETER_GENERATOR,10,CAPACITY_BELOW_20
pgc_r03_g5a_u03_5a03a_numeric_0701fe5ec85a,g5a_u03_5a03a,sourceUnit,,numeric,source-unit,,ps_g5a_u03a_relation_from_product|ps_g5a_u03a_complete_factor_multiple_statement|ps_g5a_u03a_divisibility_classification_23510|ps_g5a_u03a_missing_digit_divisibility|ps_g5a_u03a_exact_grouping_yes_no|ps_g5a_u03a_exact_grouping_candidate_sizes|ps_g5a_u03a_enumerate_first_multiples|ps_g5a_u03a_enumerate_multiples_after|ps_g5a_u03a_list_multiples_in_interval|ps_g5a_u03a_nearest_multiple|ps_g5a_u03a_count_multiples_in_interval|ps_g5a_u03a_nth_multiple|ps_g5a_u03a_classify_divisor_multiple|ps_g5a_u03a_partition_candidate_set,14,DIVERSE_PARAMETER_GENERATOR,10,CAPACITY_BELOW_20
pgc_r03_g5a_u03_5a03a_numeric_884f2b2aa17b,g5a_u03_5a03a,singleKnowledgePoint,kp_g5a_u03a_factor_multiple_relation,numeric,single-form,pg_g5a_u03a_factor_multiple_relation,ps_g5a_u03a_relation_from_product|ps_g5a_u03a_complete_factor_multiple_statement,1,BOUNDED_DIVERSITY,5,CAPACITY_BELOW_20|BOUNDED_DIVERSITY
pgc_r03_g5a_u03_5a03a_numeric_9b7cb4729cf3,g5a_u03_5a03a,singleKnowledgePoint,kp_g5a_u03a_exact_grouping_feasibility,numeric,single-form,pg_g5a_u03a_exact_grouping_feasibility,ps_g5a_u03a_exact_grouping_yes_no|ps_g5a_u03a_exact_grouping_candidate_sizes,14,DIVERSE_PARAMETER_GENERATOR,10,CAPACITY_BELOW_20
pgc_r03_g5a_u03_5a03a_numeric_378c1087489c,g5a_u03_5a03a,singleKnowledgePoint,kp_g5a_u03a_multiple_identify_enumerate,numeric,single-form,pg_g5a_u03a_multiple_identify_enumerate,ps_g5a_u03a_enumerate_first_multiples|ps_g5a_u03a_enumerate_multiples_after,2,DIVERSE_PARAMETER_GENERATOR,10,CAPACITY_BELOW_20
pgc_r03_g5a_u03_5a03a_numeric_59522918b6b0,g5a_u03_5a03a,singleKnowledgePoint,kp_g5a_u03a_divisor_multiple_classification,numeric,single-form,pg_g5a_u03a_divisor_multiple_classification,ps_g5a_u03a_classify_divisor_multiple|ps_g5a_u03a_partition_candidate_set,5,DIVERSE_PARAMETER_GENERATOR,10,CAPACITY_BELOW_20
pgc_r03_g5a_u03_5a03a_numeric_b14e6d7a88de,g5a_u03_5a03a,mixedKnowledgePointsSameUnit,kp_g5a_u03a_factor_multiple_relation|kp_g5a_u03a_divisibility_rules|kp_g5a_u03a_exact_grouping_feasibility|kp_g5a_u03a_multiple_identify_enumerate|kp_g5a_u03a_bounded_or_nearest_multiple|kp_g5a_u03a_count_multiples_interval|kp_g5a_u03a_divisor_multiple_classification,numeric,mixed-all,pg_g5a_u03a_factor_multiple_relation|pg_g5a_u03a_divisibility_rules|pg_g5a_u03a_exact_grouping_feasibility|pg_g5a_u03a_multiple_identify_enumerate|pg_g5a_u03a_bounded_or_nearest_multiple|pg_g5a_u03a_count_multiples_interval|pg_g5a_u03a_divisor_multiple_classification,ps_g5a_u03a_relation_from_product|ps_g5a_u03a_complete_factor_multiple_statement|ps_g5a_u03a_divisibility_classification_23510|ps_g5a_u03a_missing_digit_divisibility|ps_g5a_u03a_exact_grouping_yes_no|ps_g5a_u03a_exact_grouping_candidate_sizes|ps_g5a_u03a_enumerate_first_multiples|ps_g5a_u03a_enumerate_multiples_after|ps_g5a_u03a_list_multiples_in_interval|ps_g5a_u03a_nearest_multiple|ps_g5a_u03a_count_multiples_in_interval|ps_g5a_u03a_nth_multiple|ps_g5a_u03a_classify_divisor_multiple|ps_g5a_u03a_partition_candidate_set,7,DIVERSE_PARAMETER_GENERATOR,10,CAPACITY_BELOW_20
pgc_r03_g5a_u03_5a03a1_numeric_54b655195245,g5a_u03_5a03a1,sourceUnit,,numeric,source-unit,,ps_g5a_u03a1_lcm_direct|ps_g5a_u03a1_first_common_multiples|ps_g5a_u03a1_bounded_common_multiples|ps_g5a_u03a1_count_common_multiples_interval|ps_g5a_u03a1_factor_multiple_statement_truth|ps_g5a_u03a1_choose_correct_relation_statement|ps_g5a_u03a1_minimum_common_group_total|ps_g5a_u03a1_possible_common_totals_in_range|ps_g5a_u03a1_construct_number_divisibility|ps_g5a_u03a1_possible_digits_for_divisibility,10,DIVERSE_PARAMETER_GENERATOR,10,CAPACITY_BELOW_20
pgc_r03_g5a_u03_5a03a1_numeric_ed15f0522549,g5a_u03_5a03a1,singleKnowledgePoint,kp_g5a_u03a1_common_multiple_lcm,numeric,single-form,pg_g5a_u03a1_common_multiple_lcm,ps_g5a_u03a1_lcm_direct|ps_g5a_u03a1_first_common_multiples,1,BOUNDED_DIVERSITY,7,CAPACITY_BELOW_20|BOUNDED_DIVERSITY
pgc_r03_g5a_u03_5a03a1_numeric_e8d7e0f90ee4,g5a_u03_5a03a1,singleKnowledgePoint,kp_g5a_u03a1_factor_multiple_language,numeric,single-form,pg_g5a_u03a1_factor_multiple_language,ps_g5a_u03a1_factor_multiple_statement_truth|ps_g5a_u03a1_choose_correct_relation_statement,3,DIVERSE_PARAMETER_GENERATOR,10,CAPACITY_BELOW_20
pgc_r03_g5a_u03_5a03a1_numeric_e71fcbd2d5c7,g5a_u03_5a03a1,singleKnowledgePoint,kp_g5a_u03a1_grouping_constraints,numeric,single-form,pg_g5a_u03a1_grouping_constraints,ps_g5a_u03a1_minimum_common_group_total|ps_g5a_u03a1_possible_common_totals_in_range,2,DIVERSE_PARAMETER_GENERATOR,10,CAPACITY_BELOW_20
pgc_r03_g5a_u03_5a03a1_numeric_7229982fb828,g5a_u03_5a03a1,singleKnowledgePoint,kp_g5a_u03a1_number_constraint_construction,numeric,single-form,pg_g5a_u03a1_number_constraint_construction,ps_g5a_u03a1_construct_number_divisibility|ps_g5a_u03a1_possible_digits_for_divisibility,1,DIVERSE_PARAMETER_GENERATOR,8,CAPACITY_BELOW_20
pgc_r03_g5a_u03_5a03a1_numeric_4d5644856dd4,g5a_u03_5a03a1,mixedKnowledgePointsSameUnit,kp_g5a_u03a1_common_multiple_lcm|kp_g5a_u03a1_bounded_common_multiples|kp_g5a_u03a1_factor_multiple_language|kp_g5a_u03a1_grouping_constraints|kp_g5a_u03a1_number_constraint_construction,numeric,mixed-all,pg_g5a_u03a1_common_multiple_lcm|pg_g5a_u03a1_bounded_common_multiples|pg_g5a_u03a1_factor_multiple_language|pg_g5a_u03a1_grouping_constraints|pg_g5a_u03a1_number_constraint_construction,ps_g5a_u03a1_lcm_direct|ps_g5a_u03a1_first_common_multiples|ps_g5a_u03a1_bounded_common_multiples|ps_g5a_u03a1_count_common_multiples_interval|ps_g5a_u03a1_factor_multiple_statement_truth|ps_g5a_u03a1_choose_correct_relation_statement|ps_g5a_u03a1_minimum_common_group_total|ps_g5a_u03a1_possible_common_totals_in_range|ps_g5a_u03a1_construct_number_divisibility|ps_g5a_u03a1_possible_digits_for_divisibility,5,DIVERSE_PARAMETER_GENERATOR,10,CAPACITY_BELOW_20
pgc_r03_g6a_u01_6a01_numeric_0fbd0df575e9,g6a_u01_6a01,singleKnowledgePoint,kp_g6a_u01_prime_composite_classification,numeric,single-form,pg_g6a_u01_prime_composite_classification,ps_g6a_u01_classify_prime_composite_neither|ps_g6a_u01_list_primes_in_interval,3,DIVERSE_PARAMETER_GENERATOR,10,CAPACITY_BELOW_20
pgc_r03_g6a_u01_6a01_numeric_483650ad5611,g6a_u01_6a01,singleKnowledgePoint,kp_g6a_u01_prime_factorization,numeric,single-form,pg_g6a_u01_prime_factorization,ps_g6a_u01_prime_factorization_product|ps_g6a_u01_prime_factorization_exponents,1,DIVERSE_PARAMETER_GENERATOR,9,CAPACITY_BELOW_20
pgc_r03_g6a_u01_6a01_numeric_b88083effaa9,g6a_u01_6a01,singleKnowledgePoint,kp_g6a_u01_short_division_common_factors,numeric,single-form,pg_g6a_u01_short_division_common_factors,ps_g6a_u01_short_division_trace|ps_g6a_u01_short_division_common_product,6,DIVERSE_PARAMETER_GENERATOR,10,CAPACITY_BELOW_20
pgc_r03_g6a_u01_6a01_numeric_bf6a96b9f4f9,g6a_u01_6a01,singleKnowledgePoint,kp_g6a_u01_greatest_common_factor,numeric,single-form,pg_g6a_u01_greatest_common_factor,ps_g6a_u01_gcf_direct|ps_g6a_u01_gcf_from_prime_exponents,9,DIVERSE_PARAMETER_GENERATOR,10,CAPACITY_BELOW_20
pgc_r03_g6a_u01_6a01_numeric_61c91fca4382,g6a_u01_6a01,singleKnowledgePoint,kp_g6a_u01_least_common_multiple,numeric,single-form,pg_g6a_u01_least_common_multiple,ps_g6a_u01_lcm_direct|ps_g6a_u01_lcm_from_prime_exponents,1,BOUNDED_DIVERSITY,7,CAPACITY_BELOW_20|BOUNDED_DIVERSITY
pgc_r03_g6a_u01_6a01_numeric_7dfce6921c92,g6a_u01_6a01,mixedKnowledgePointsSameUnit,kp_g6a_u01_prime_composite_classification|kp_g6a_u01_prime_factorization|kp_g6a_u01_short_division_common_factors|kp_g6a_u01_greatest_common_factor|kp_g6a_u01_least_common_multiple,numeric,mixed-all,pg_g6a_u01_prime_composite_classification|pg_g6a_u01_prime_factorization|pg_g6a_u01_short_division_common_factors|pg_g6a_u01_greatest_common_factor|pg_g6a_u01_least_common_multiple,ps_g6a_u01_classify_prime_composite_neither|ps_g6a_u01_list_primes_in_interval|ps_g6a_u01_prime_factorization_product|ps_g6a_u01_prime_factorization_exponents|ps_g6a_u01_short_division_trace|ps_g6a_u01_short_division_common_product|ps_g6a_u01_gcf_direct|ps_g6a_u01_gcf_from_prime_exponents|ps_g6a_u01_lcm_direct|ps_g6a_u01_lcm_from_prime_exponents,6,DIVERSE_PARAMETER_GENERATOR,10,CAPACITY_BELOW_20
pgc_r03_g3a_u08_3a08_numeric_6a58dba0769d,g3a_u08_3a08,sourceUnit,,numeric,source-unit,,ps_g3a_u08_part_whole_fraction_fraction_numeric|ps_g3a_u08_unit_fraction_accumulation_fraction_numeric|ps_g3a_u08_discrete_set_fraction_item_count_numeric|ps_g3a_u08_discrete_set_fraction_fractional_units_numeric|ps_g3a_u08_same_denominator_compare_comparison_numeric,2,DIVERSE_PARAMETER_GENERATOR,10,CAPACITY_BELOW_20
pgc_r03_g3a_u08_3a08_numeric_a1440e23c451,g3a_u08_3a08,singleKnowledgePoint,kp_g3a_u08_part_whole_fraction,numeric,single-form,pg_g3a_u08_part_whole_fraction_numeric,ps_g3a_u08_part_whole_fraction_fraction_numeric,2,DIVERSE_PARAMETER_GENERATOR,10,CAPACITY_BELOW_20
pgc_r03_g3a_u08_3a08_numeric_998ffbc8889c,g3a_u08_3a08,singleKnowledgePoint,kp_g3a_u08_unit_fraction_accumulation,numeric,single-form,pg_g3a_u08_unit_fraction_accumulation_numeric,ps_g3a_u08_unit_fraction_accumulation_fraction_numeric,10,BOUNDED_DIVERSITY,7,CAPACITY_BELOW_20|BOUNDED_DIVERSITY
pgc_r03_g3a_u08_3a08_numeric_32207c12fa17,g3a_u08_3a08,singleKnowledgePoint,kp_g3a_u08_same_denominator_compare,numeric,single-form,pg_g3a_u08_same_denominator_compare_numeric,ps_g3a_u08_same_denominator_compare_comparison_numeric,6,FIXTURE_SELECTOR,1,CAPACITY_BELOW_20|FIXTURE_SELECTOR
pgc_r03_g3a_u08_3a08_numeric_6ec70c8709ce,g3a_u08_3a08,mixedKnowledgePointsSameUnit,kp_g3a_u08_part_whole_fraction|kp_g3a_u08_unit_fraction_accumulation|kp_g3a_u08_discrete_set_fraction|kp_g3a_u08_same_denominator_compare,numeric,mixed-all,pg_g3a_u08_part_whole_fraction_numeric|pg_g3a_u08_unit_fraction_accumulation_numeric|pg_g3a_u08_discrete_set_fraction_numeric|pg_g3a_u08_same_denominator_compare_numeric,ps_g3a_u08_part_whole_fraction_fraction_numeric|ps_g3a_u08_unit_fraction_accumulation_fraction_numeric|ps_g3a_u08_discrete_set_fraction_item_count_numeric|ps_g3a_u08_discrete_set_fraction_fractional_units_numeric|ps_g3a_u08_same_denominator_compare_comparison_numeric,6,FIXTURE_SELECTOR,1,CAPACITY_BELOW_20|FIXTURE_SELECTOR
pgc_r03_g3b_u07_3b07_numeric_4f615b76b29f,g3b_u07_3b07,sourceUnit,,numeric,source-unit,,ps_g3b_u07_quotient_as_fraction_quotient_numeric|ps_g3b_u07_fraction_unit_conversion_item_count_numeric|ps_g3b_u07_fraction_unit_conversion_fractional_units_numeric,12,FIXTURE_SELECTOR,1,CAPACITY_BELOW_20|FIXTURE_SELECTOR
pgc_r03_g3b_u07_3b07_numeric_dacd2cf49319,g3b_u07_3b07,singleKnowledgePoint,kp_g3b_u07_quotient_as_fraction,numeric,single-form,pg_g3b_u07_quotient_as_fraction_numeric,ps_g3b_u07_quotient_as_fraction_quotient_numeric,12,FIXTURE_SELECTOR,1,CAPACITY_BELOW_20|FIXTURE_SELECTOR
pgc_r03_g3b_u07_3b07_numeric_aa87e2c60d1d,g3b_u07_3b07,singleKnowledgePoint,kp_g3b_u07_fraction_unit_conversion,numeric,single-form,pg_g3b_u07_fraction_unit_conversion_numeric,ps_g3b_u07_fraction_unit_conversion_item_count_numeric|ps_g3b_u07_fraction_unit_conversion_fractional_units_numeric,6,FIXTURE_SELECTOR,1,CAPACITY_BELOW_20|FIXTURE_SELECTOR
pgc_r03_g3b_u07_3b07_numeric_9891d69ea218,g3b_u07_3b07,mixedKnowledgePointsSameUnit,kp_g3b_u07_quotient_as_fraction|kp_g3b_u07_fraction_unit_conversion,numeric,mixed-all,pg_g3b_u07_quotient_as_fraction_numeric|pg_g3b_u07_fraction_unit_conversion_numeric,ps_g3b_u07_quotient_as_fraction_quotient_numeric|ps_g3b_u07_fraction_unit_conversion_item_count_numeric|ps_g3b_u07_fraction_unit_conversion_fractional_units_numeric,6,FIXTURE_SELECTOR,1,CAPACITY_BELOW_20|FIXTURE_SELECTOR
pgc_r03_g3b_u09_3b09_numeric_9d24ef0becbd,g3b_u09_3b09,sourceUnit,,numeric,source-unit,,ps_g3b_u09_tenth_representation_decimal_numeric|ps_g3b_u09_decimal_read_write_decimal_text_numeric|ps_g3b_u09_decimal_compose_decompose_decimal_numeric|ps_g3b_u09_tenths_fraction_decimal_conversion_numeric,8,FIXTURE_SELECTOR,1,CAPACITY_BELOW_20|FIXTURE_SELECTOR
pgc_r03_g3b_u09_3b09_numeric_0e6d785763a5,g3b_u09_3b09,singleKnowledgePoint,kp_g3b_u09_tenth_representation,numeric,single-form,pg_g3b_u09_tenth_representation_numeric,ps_g3b_u09_tenth_representation_decimal_numeric,8,FIXTURE_SELECTOR,1,CAPACITY_BELOW_20|FIXTURE_SELECTOR
pgc_r03_g3b_u09_3b09_numeric_eb4a933a8a8d,g3b_u09_3b09,singleKnowledgePoint,kp_g3b_u09_decimal_read_write,numeric,single-form,pg_g3b_u09_decimal_read_write_numeric,ps_g3b_u09_decimal_read_write_decimal_text_numeric,8,FIXTURE_SELECTOR,1,CAPACITY_BELOW_20|FIXTURE_SELECTOR
pgc_r03_g3b_u09_3b09_numeric_04bd6bfd759b,g3b_u09_3b09,singleKnowledgePoint,kp_g3b_u09_decimal_compose_decompose,numeric,single-form,pg_g3b_u09_decimal_compose_decompose_numeric,ps_g3b_u09_decimal_compose_decompose_decimal_numeric,8,FIXTURE_SELECTOR,1,CAPACITY_BELOW_20|FIXTURE_SELECTOR
pgc_r03_g3b_u09_3b09_numeric_611db864f74a,g3b_u09_3b09,singleKnowledgePoint,kp_g3b_u09_tenths_fraction_decimal,numeric,single-form,pg_g3b_u09_tenths_fraction_decimal_numeric,ps_g3b_u09_tenths_fraction_decimal_conversion_numeric,8,DIVERSE_PARAMETER_GENERATOR,8,CAPACITY_BELOW_20
pgc_r03_g3b_u09_3b09_numeric_347c3ab9e890,g3b_u09_3b09,mixedKnowledgePointsSameUnit,kp_g3b_u09_tenth_representation|kp_g3b_u09_decimal_read_write|kp_g3b_u09_decimal_compose_decompose|kp_g3b_u09_tenths_fraction_decimal,numeric,mixed-all,pg_g3b_u09_tenth_representation_numeric|pg_g3b_u09_decimal_read_write_numeric|pg_g3b_u09_decimal_compose_decompose_numeric|pg_g3b_u09_tenths_fraction_decimal_numeric,ps_g3b_u09_tenth_representation_decimal_numeric|ps_g3b_u09_decimal_read_write_decimal_text_numeric|ps_g3b_u09_decimal_compose_decompose_decimal_numeric|ps_g3b_u09_tenths_fraction_decimal_conversion_numeric,8,DIVERSE_PARAMETER_GENERATOR,8,CAPACITY_BELOW_20
pgc_r03_g4b_u08_4b08_numeric_e63dcc56e182,g4b_u08_4b08,sourceUnit,,numeric,source-unit,,ps_g4b_u08_generate_equivalent_fraction_factor_numeric|ps_g4b_u08_generate_equivalent_fraction_equivalent_numerator_numeric|ps_g4b_u08_generate_equivalent_fraction_equivalent_denominator_numeric|ps_g4b_u08_equivalence_cross_product_equivalent_numeric,9,FIXTURE_SELECTOR,1,CAPACITY_BELOW_20|FIXTURE_SELECTOR
pgc_r03_g4b_u08_4b08_numeric_2f594c75ad07,g4b_u08_4b08,singleKnowledgePoint,kp_g4b_u08_generate_equivalent_fraction,numeric,single-form,pg_g4b_u08_generate_equivalent_fraction_numeric,ps_g4b_u08_generate_equivalent_fraction_factor_numeric|ps_g4b_u08_generate_equivalent_fraction_equivalent_numerator_numeric|ps_g4b_u08_generate_equivalent_fraction_equivalent_denominator_numeric,9,FIXTURE_SELECTOR,1,CAPACITY_BELOW_20|FIXTURE_SELECTOR
pgc_r03_g4b_u08_4b08_numeric_9cbcbbe53418,g4b_u08_4b08,singleKnowledgePoint,kp_g4b_u08_equivalence_cross_product,numeric,single-form,pg_g4b_u08_equivalence_cross_product_numeric,ps_g4b_u08_equivalence_cross_product_equivalent_numeric,8,FIXTURE_SELECTOR,1,CAPACITY_BELOW_20|FIXTURE_SELECTOR
pgc_r03_g4b_u08_4b08_numeric_e21804772679,g4b_u08_4b08,mixedKnowledgePointsSameUnit,kp_g4b_u08_generate_equivalent_fraction|kp_g4b_u08_equivalence_cross_product,numeric,mixed-all,pg_g4b_u08_generate_equivalent_fraction_numeric|pg_g4b_u08_equivalence_cross_product_numeric,ps_g4b_u08_generate_equivalent_fraction_factor_numeric|ps_g4b_u08_generate_equivalent_fraction_equivalent_numerator_numeric|ps_g4b_u08_generate_equivalent_fraction_equivalent_denominator_numeric|ps_g4b_u08_equivalence_cross_product_equivalent_numeric,8,FIXTURE_SELECTOR,1,CAPACITY_BELOW_20|FIXTURE_SELECTOR
pgc_r03_g4a_u09_4a09_numeric_bee1ae206b8b,g4a_u09_4a09,sourceUnit,,numeric,source-unit,,ps_g4a_u09_hundredth_representation_decimal_numeric,8,FIXTURE_SELECTOR,1,CAPACITY_BELOW_20|FIXTURE_SELECTOR
pgc_r03_g4a_u09_4a09_numeric_9f2e445cb0a5,g4a_u09_4a09,singleKnowledgePoint,kp_g4a_u09_hundredth_representation,numeric,single-form,pg_g4a_u09_hundredth_representation_numeric,ps_g4a_u09_hundredth_representation_decimal_numeric,8,FIXTURE_SELECTOR,1,CAPACITY_BELOW_20|FIXTURE_SELECTOR
pgc_r03_g4b_u06_4b06_numeric_8060b6cce6ed,g4b_u06_4b06,sourceUnit,,numeric,source-unit,,ps_g4b_u06_one_decimal_times_integer_product_numeric,8,FIXTURE_SELECTOR,1,CAPACITY_BELOW_20|FIXTURE_SELECTOR
pgc_r03_g4b_u06_4b06_numeric_13afea5d4fd1,g4b_u06_4b06,singleKnowledgePoint,kp_g4b_u06_one_decimal_times_integer,numeric,single-form,pg_g4b_u06_one_decimal_times_integer_numeric,ps_g4b_u06_one_decimal_times_integer_product_numeric,8,FIXTURE_SELECTOR,1,CAPACITY_BELOW_20|FIXTURE_SELECTOR
pgc_r03_g5a_u04_5a04_numeric_cc6261f81797,g5a_u04_5a04,sourceUnit,,numeric,source-unit,,ps_g5a_u04_expand_reduce_simplest_common_factor_numeric|ps_g5a_u04_expand_reduce_simplest_simplest_numerator_numeric|ps_g5a_u04_expand_reduce_simplest_simplest_denominator_numeric|ps_g5a_u04_quotient_as_fraction_context_share_per_recipient_numeric,9,FIXTURE_SELECTOR,1,CAPACITY_BELOW_20|FIXTURE_SELECTOR
pgc_r03_g5a_u04_5a04_numeric_0904972d5d27,g5a_u04_5a04,singleKnowledgePoint,kp_g5a_u04_expand_reduce_simplest,numeric,single-form,pg_g5a_u04_expand_reduce_simplest_numeric,ps_g5a_u04_expand_reduce_simplest_common_factor_numeric|ps_g5a_u04_expand_reduce_simplest_simplest_numerator_numeric|ps_g5a_u04_expand_reduce_simplest_simplest_denominator_numeric,9,FIXTURE_SELECTOR,1,CAPACITY_BELOW_20|FIXTURE_SELECTOR
pgc_r03_g5a_u04_5a04_numeric_eb066dd13b85,g5a_u04_5a04,singleKnowledgePoint,kp_g5a_u04_quotient_as_fraction_context,numeric,single-form,pg_g5a_u04_quotient_as_fraction_context_numeric,ps_g5a_u04_quotient_as_fraction_context_share_per_recipient_numeric,6,FIXTURE_SELECTOR,1,CAPACITY_BELOW_20|FIXTURE_SELECTOR
pgc_r03_g5a_u04_5a04_numeric_00f6e4a5c762,g5a_u04_5a04,mixedKnowledgePointsSameUnit,kp_g5a_u04_expand_reduce_simplest|kp_g5a_u04_quotient_as_fraction_context,numeric,mixed-all,pg_g5a_u04_expand_reduce_simplest_numeric|pg_g5a_u04_quotient_as_fraction_context_numeric,ps_g5a_u04_expand_reduce_simplest_common_factor_numeric|ps_g5a_u04_expand_reduce_simplest_simplest_numerator_numeric|ps_g5a_u04_expand_reduce_simplest_simplest_denominator_numeric|ps_g5a_u04_quotient_as_fraction_context_share_per_recipient_numeric,6,FIXTURE_SELECTOR,1,CAPACITY_BELOW_20|FIXTURE_SELECTOR
